environment,primitive,verdict,checkpoint_step,eval_seed,delta_psnr,delta_ssim,delta_mse,delta_masked_mse,passed_check_count,candidate_checkpoint_sha256,label_id,evidence_ref,exclusion_reason
cloth_move,inv_dyn_reward_finetune,fail,1000,2812,0.3000000000000007,0.006799999999999917,-0.0007130000000000001,0.0007719999999999949,3,fdff0551f498a740fcb057482612eef1991f4d50cb4f2a23ce4327b01c84f2f7,acwm-autoloop-confirm-official-gate-cloth_move-inv_dyn_reward_finetune-s2812-step1000-r1,results/reports/acwm-autoloop-confirm-official-gate-cloth_move-inv_dyn_reward_finetune-s2812-step1000-r1/manifest.json,
cloth_move,inv_dyn_reward_finetune,fail,800,2812,-0.10999999999999943,-0.0016000000000000458,0.0010100000000000005,0.0007549999999999918,0,659102e9f69f9adcd6d6eb5bff3d460900bc89d43cfa96d7472a94e719d320de,acwm-autoloop-confirm-official-gate-cloth_move-inv_dyn_reward_finetune-s2812-step800-r1,results/reports/acwm-autoloop-confirm-official-gate-cloth_move-inv_dyn_reward_finetune-s2812-step800-r1/manifest.json,
cloth_move,motion_region_reweight,pass,1000,2814,0.4299999999999997,0.00029999999999996696,-0.0014190000000000001,-0.0003429999999999961,4,c953bf83c9265574a22ff19a740f36c601dabef6be7799b200b080a49fe45980,acwm-autoloop-confirm-official-gate-cloth_move-motion_region_reweight-s2814-step1000-r1,results/reports/acwm-autoloop-confirm-official-gate-cloth_move-motion_region_reweight-s2814-step1000-r1/manifest.json,
cloth_move,motion_region_reweight,pass,800,2814,0.35999999999999943,0.0016999999999999238,-0.0012399999999999998,-0.0008509999999999907,4,c62746f502da2710f8bb695e7dd26111a1dbad5060708e1b05655422e1244ac9,acwm-autoloop-confirm-official-gate-cloth_move-motion_region_reweight-s2814-step800-r1,results/reports/acwm-autoloop-confirm-official-gate-cloth_move-motion_region_reweight-s2814-step800-r1/manifest.json,
cloth_move,next_forcing,fail,1000,2802,0.46999999999999886,0.0023999999999999577,-0.0008229999999999991,0.0001769999999999966,3,3db8b8d7cc00b2dbfdc80ade61a77e88230b7275869c23be92130e4e3e7125df,acwm-autoloop-confirm-official-gate-cloth_move-next_forcing-s2802-step1000-r1,results/reports/acwm-autoloop-confirm-official-gate-cloth_move-next_forcing-s2802-step1000-r1/manifest.json,
cloth_move,next_forcing,pass,800,2802,0.9400000000000013,0.00990000000000002,-0.002012,-0.009039999999999992,4,8983ae7ad027acb5acd3843d6d83e2969b05c6d114203ad8db90339f97626bc8,acwm-autoloop-confirm-official-gate-cloth_move-next_forcing-s2802-step800-r1,results/reports/acwm-autoloop-confirm-official-gate-cloth_move-next_forcing-s2802-step800-r1/manifest.json,
cloth_move,self_forcing_finetune,pass,1000,2805,0.2900000000000027,0.0046999999999999265,-0.0005450000000000003,-0.007051000000000002,4,c349ddbe35b6cd302b463a575eef9592f7da54d4da08cbbbb764d4a5a67d0c10,acwm-autoloop-confirm-official-gate-cloth_move-self_forcing_finetune-s2805-step1000-r1,results/reports/acwm-autoloop-confirm-official-gate-cloth_move-self_forcing_finetune-s2805-step1000-r1/manifest.json,
cloth_move,self_forcing_finetune,pass,800,2805,0.8200000000000003,0.007299999999999973,-0.0020879999999999996,-0.012941999999999995,4,c1df0bde176a73a57629a1b6a5f34fe3f17a2b693273446a72047051f5868535,acwm-autoloop-confirm-official-gate-cloth_move-self_forcing_finetune-s2805-step800-r1,results/reports/acwm-autoloop-confirm-official-gate-cloth_move-self_forcing_finetune-s2805-step800-r1/manifest.json,
pour_water,motion_region_reweight,fail,1000,3060,-1.379999999999999,-0.008099999999999996,0.00039400000000000004,0.0027610000000000004,0,adcba5f552ef77ecd2d601649c02186b1d5ac8628f547593e9b0ff063c3fdff9,acwm-autoloop-confirm-official-gate-pour_water-motion_region_reweight-s3060-step1000-r1,results/reports/acwm-autoloop-confirm-official-gate-pour_water-motion_region_reweight-s3060-step1000-r1/manifest.json,
pour_water,motion_region_reweight,pass,800,3060,0.4299999999999997,0.0018000000000000238,-0.00010900000000000005,-0.0010509999999999999,4,285814851e0d60dac77dd4354e2259fca031e7e94c70fb8d520f6a2c6224bb95,acwm-autoloop-confirm-official-gate-pour_water-motion_region_reweight-s3060-step800-r1,results/reports/acwm-autoloop-confirm-official-gate-pour_water-motion_region_reweight-s3060-step800-r1/manifest.json,
robot_arm,cfg_guidance_schedule,excluded,4000,910,-1.5899999999999999,-0.0048000000000000265,0.0008680000000000003,0.009986000000000002,0,b7d605e5f552eac68c7d2b04c5bbb2f78edeb6952398b63f9439bfc278c6a6d9,acwm-autoloop-confirm-official-gate-robot_arm-cfg_guidance_schedule-s910-r1-recovery,results/reports/acwm-autoloop-confirm-official-gate-robot_arm-cfg_guidance_schedule-s910-r1-recovery/manifest.json,runtime_only_primitive_missing_materialized_candidate_runtime
robot_arm,self_forcing_finetune,pass,1000,2830,0.8500000000000014,0.009099999999999997,-0.000374,-0.0013100000000000004,4,09e70fb49b822c671a8d09092a0d3d415b937e506edfc87aa717c68edb98212b,acwm-autoloop-confirm-official-gate-robot_arm-self_forcing_finetune-s2830-step1000-r1,results/reports/acwm-autoloop-confirm-official-gate-robot_arm-self_forcing_finetune-s2830-step1000-r1/manifest.json,
robot_arm,self_forcing_finetune,pass,800,2830,1.0800000000000018,0.00979999999999992,-0.00044499999999999987,-0.0022299999999999993,4,704fd4560baff8ee1c45e643fd0eaa81ad70d1970f12835ba4f1940b54f9491f,acwm-autoloop-confirm-official-gate-robot_arm-self_forcing_finetune-s2830-step800-r1,results/reports/acwm-autoloop-confirm-official-gate-robot_arm-self_forcing_finetune-s2830-step800-r1/manifest.json,
pour_water,inv_dyn_reward_finetune,pass,512,2905,1.3599999999999994,0.006299999999999972,-0.0003070000000000001,-0.0025319999999999995,4,306f07985351369d5dcea7b8138382bd9fa3ee627856aaa12a73fc20e1c92e79,acwm-effect-label-gate-pour_water-inv_dyn_reward_finetune-s2905-r2,results/reports/acwm-effect-label-gate-pour_water-inv_dyn_reward_finetune-s2905-r2/manifest.json,
pour_water,self_forcing_finetune,fail,512,873,0.1999999999999993,-0.0010999999999999899,-2.299999999999991e-05,-0.00046799999999999967,3,afe43599735236e87477014ba16c69705173b6c6bece652ba5f3270bf95e63e0,acwm-effect-label-gate-pour_water-self_forcing_finetune-s873-r1,results/reports/acwm-effect-label-gate-pour_water-self_forcing_finetune-s873-r1/manifest.json,
push_cube,inv_dyn_reward_finetune,fail,512,980,-1.6499999999999986,-0.011600000000000055,0.0002639999999999999,0.0012529999999999998,0,8e2a669a04a25f81fe28d4fd93386cd1a6bfa68a47cd89d5d94f03661c8c2d25,acwm-effect-label-gate-push_cube-inv_dyn_reward_finetune-s980-r1,results/reports/acwm-effect-label-gate-push_cube-inv_dyn_reward_finetune-s980-r1/manifest.json,
push_cube,latent_motion_prior,excluded,512,994,-1.629999999999999,-0.009199999999999986,0.00035999999999999986,0.0009909999999999997,0,8d789cea9d11b9472ae87a04d8d81aa7ae3de5bfb6c46211acc73f99ae3b6ed3,acwm-effect-label-gate-push_cube-latent_motion_prior-s994-r1,results/reports/acwm-effect-label-gate-push_cube-latent_motion_prior-s994-r1/manifest.json,primitive_invalidated_for_quality_claims
push_cube,self_forcing_finetune,fail,512,2051,-1.2000000000000028,-0.007299999999999973,0.00010300000000000001,0.00032800000000000017,0,bd91c12ab5aad3b50794ec3b9c6aa7381d86c455b258f093d9ad9719de97535a,acwm-effect-label-gate-push_cube-self_forcing_finetune-s2051-r1,results/reports/acwm-effect-label-gate-push_cube-self_forcing_finetune-s2051-r1/manifest.json,
push_rope,action_dimension_balancing,fail,512,2846,-4.730000000000004,-0.006200000000000094,0.000357,0.0050680000000000005,0,935ea59a65410c2c4953cd97e5dc709716d501b5b22dacd2adaa810248f24295,acwm-effect-label-gate-push_rope-action_dimension_balancing-s2846-r1,results/reports/acwm-effect-label-gate-push_rope-action_dimension_balancing-s2846-r1/manifest.json,
push_rope,self_forcing_finetune,pass,512,874,0.01999999999999602,0.0008000000000000229,-2.0000000000000215e-06,-0.0001510000000000001,4,6f95744f9857d5a45fea6a0001c6585994203ceae2210ad666dacfa580197d3e,acwm-effect-label-gate-push_rope-self_forcing_finetune-s874-r1,results/reports/acwm-effect-label-gate-push_rope-self_forcing_finetune-s874-r1/manifest.json,
push_sand,action_dimension_balancing,fail,512,2879,-3.5700000000000003,-0.005300000000000082,0.000495,0.006944,0,932d184f223fb97462863228693798ccaa9cf84cbf01fe01c0ae181e938aa814,acwm-effect-label-gate-push_sand-action_dimension_balancing-s2879-r1,results/reports/acwm-effect-label-gate-push_sand-action_dimension_balancing-s2879-r1/manifest.json,
push_sand,inv_dyn_reward_finetune,fail,512,2881,-1.1099999999999994,-0.0018000000000000238,0.00011300000000000004,0.0014330000000000002,0,e9e83d5e90bc12608b2be483b4a9f74a985f7bf6a7a77b6540ffd25bf9496352,acwm-effect-label-gate-push_sand-inv_dyn_reward_finetune-s2881-r1,results/reports/acwm-effect-label-gate-push_sand-inv_dyn_reward_finetune-s2881-r1/manifest.json,
push_sand,motion_region_reweight,fail,512,3066,-1.889999999999997,-0.0029000000000000137,0.00021999999999999998,0.003811000000000001,0,78b70f2874db5c82e9cc9f3439cda75be0eabed93159b84796de40bca0b6c7b4,acwm-effect-label-gate-push_sand-motion_region_reweight-s3066-r1,results/reports/acwm-effect-label-gate-push_sand-motion_region_reweight-s3066-r1/manifest.json,
reacher,motion_region_reweight,fail,512,2824,-5.319999999999997,-0.00880000000000003,0.0007049999999999999,0.014060999999999997,0,0acaed8e3343af8c1e7b8011cc2df50a0f725892df11eaede933cc57dac49ace,acwm-effect-label-gate-reacher-motion_region_reweight-s2824-r2,results/reports/acwm-effect-label-gate-reacher-motion_region_reweight-s2824-r2/manifest.json,
reacher,next_forcing,fail,512,2843,-4.600000000000001,-0.005800000000000027,0.0006020000000000001,0.015012,0,4e14f54c753df31555d537884df87dd6f6726199bf1bdd0fcee66337db212ad8,acwm-effect-label-gate-reacher-next_forcing-s2843-r1,results/reports/acwm-effect-label-gate-reacher-next_forcing-s2843-r1/manifest.json,
reacher,self_forcing_finetune,fail,512,2842,-4.449999999999996,-0.006000000000000005,0.000577,0.014417999999999999,0,b20c797cfc57c4dc741a1c17dfb79879b43d59618ce9a2129f661480a9a3cadf,acwm-effect-label-gate-reacher-self_forcing_finetune-s2842-r1,results/reports/acwm-effect-label-gate-reacher-self_forcing_finetune-s2842-r1/manifest.json,
robot_arm,motion_region_reweight,fail,512,2832,0.41999999999999815,0.007499999999999951,-0.0001690000000000001,0.0007419999999999996,3,d44ae79f52dfdd93e2ef1b6450963ae81c167c406dd9acec471f797a1478280d,acwm-effect-label-gate-robot_arm-motion_region_reweight-s2832-r1,results/reports/acwm-effect-label-gate-robot_arm-motion_region_reweight-s2832-r1/manifest.json,
stack_cube,latent_spatial_memory,excluded,512,871,-18.479999999999997,-0.8156,0.574305,0.397107,0,aa1158833609fb0351fa6a9a7afd90801cd73cc24cfa78a563b0b30f9c588cef,acwm-effect-label-gate-stack_cube-latent_spatial_memory-s871-r1,results/reports/acwm-effect-label-gate-stack_cube-latent_spatial_memory-s871-r1/manifest.json,runtime_only_primitive_missing_materialized_candidate_runtime
stack_cube,motion_region_reweight,fail,512,2082,-18.459999999999997,-0.8151,0.573981,0.396983,0,264a8a5b7f3e4ade5960b2e36014a63dc4fdb23f057354cc5b7a9a46004e6b5d,acwm-effect-label-gate-stack_cube-motion_region_reweight-s2082-r1,results/reports/acwm-effect-label-gate-stack_cube-motion_region_reweight-s2082-r1/manifest.json,
stack_cube,self_forcing_finetune,fail,512,1810,-18.5,-0.8131999999999999,0.574032,0.397198,0,1718c72a3ec4d1e04422e5aec57f99ebffa192066b4d14b8b4f4f4fbf6ff3d32,acwm-effect-label-gate-stack_cube-self_forcing_finetune-s1810-r1,results/reports/acwm-effect-label-gate-stack_cube-self_forcing_finetune-s1810-r1/manifest.json,
