campaign_id,environment,primitive,seed,train_steps,state,verdict,screen_decision,primary_metric,delta_primary_metric,baseline_primary_metric,candidate_primary_metric,action_following_enabled,action_following_pass,action_following_observed,latest_checkpoint_step,candidate_checkpoint_retained,candidate_checkpoint_sha256,official_visual_asset_count
acwm-autoloop-confirm-cloth_move-inv_dyn_reward_finetune-s2812-t1000-r1,cloth_move,inv_dyn_reward_finetune,2812,1000,ready,INCONCLUSIVE,confirmation_candidate,ladder_auc_psnr_envmax,25.762364306234986,675.7220985573352,701.4844628635702,True,True,1.0,,True,945efc3123a9aab743ac048465c17ba5c83237d9b07be3549b331cc1123244f4,0
acwm-autoloop-confirm-cloth_move-motion_region_reweight-s2814-t1000-r1,cloth_move,motion_region_reweight,2814,1000,ready,INCONCLUSIVE,confirmation_candidate,ladder_auc_psnr_envmax,23.28583427545857,675.7220985573352,699.0079328327938,True,True,1.0,,True,e4ef3705b0ba7dba9c2e6902ac475da7bbee1ffbbcd945e104220153354d516b,0
acwm-autoloop-confirm-cloth_move-next_forcing-s2802-t1000-r1,cloth_move,next_forcing,2802,1000,ready,INCONCLUSIVE,reject_or_revise,ladder_auc_psnr_envmax,-74.05774905188844,675.7220985573352,601.6643495054468,True,True,1.0,,True,34370fbd7931d95b23535d0754020c0f4237381680c865212d153acccb77aef8,0
acwm-autoloop-confirm-cloth_move-self_forcing_finetune-s2805-t1000-r1,cloth_move,self_forcing_finetune,2805,1000,ready,INCONCLUSIVE,confirmation_candidate,ladder_auc_psnr_envmax,22.059963112094465,675.7220985573352,697.7820616694297,True,True,1.0,,True,6d4690e880138e056759394db2bf8db47e28e338f9c99769a186fa0f89be2aa2,0
acwm-autoloop-confirm-pour_water-motion_region_reweight-s3060-t1000-r1,pour_water,motion_region_reweight,3060,1000,ready,INCONCLUSIVE,reject_or_revise,ladder_auc_psnr_envmax,-103.1573588237211,1408.4182495750538,1305.2608907513327,True,True,1.0,,True,fc9e5fd7cdd4a660af292e7e8bd7e988f823084ba58b5a05a731dc7bd25a3a5c,0
acwm-autoloop-confirm-robot_arm-next_forcing-s2826-t1000-r1,robot_arm,next_forcing,2826,1000,ready,INCONCLUSIVE,reject_or_revise,ladder_auc_psnr_envmax,-51.318482290270026,978.4474031784647,927.1289208881947,True,True,0.5531914893617021,,True,999add2e40d262c32370de063877e695f8901f53c43bc63e4414364f2f56970b,0
acwm-autoloop-confirm-robot_arm-self_forcing_finetune-s2830-t1000-r1,robot_arm,self_forcing_finetune,2830,1000,ready,INCONCLUSIVE,reject_or_revise,ladder_auc_psnr_envmax,-27.766662837367676,978.4474031784647,950.680740341097,True,True,0.5531914893617021,,True,b016d65558639d8eaebf20e1e66f853b6b0a1f18bcdaaff2472e8cfb84835579,0
acwm-autoloop-screen-cloth_move-action_contrastive_finetune-s2700-t512-r1,cloth_move,action_contrastive_finetune,2700,512,ready,INCONCLUSIVE,reject_or_revise,ladder_auc_psnr_envmax,-67.8908793117381,675.7220985573352,607.8312192455971,True,True,1.0,,True,b57786268e29c5bfd066cd3e75f6d9c9208634b2213b69b50b7497886e28c2ee,0
acwm-autoloop-screen-cloth_move-action_contrastive_finetune-s2806-t512-r1,cloth_move,action_contrastive_finetune,2806,512,ready,INCONCLUSIVE,reject_or_revise,ladder_auc_psnr_envmax,-21.8753891506758,675.7220985573352,653.8467094066594,True,True,1.0,,True,8c94de34bed431b8a5185f5d7f3bb6027d24872c7134a9f727209a044e0cf2b2,0
acwm-autoloop-screen-cloth_move-action_contrastive_finetune-s2807-t512-r1,cloth_move,action_contrastive_finetune,2807,512,ready,INCONCLUSIVE,reject_or_revise,ladder_auc_psnr_envmax,-52.109632970294,675.7220985573352,623.6124655870412,True,True,1.0,,True,e6b3153a5509ace13e1bb79a5d9d48217c0dd001a4ac72bc9f1c94de8b670dc1,0
acwm-autoloop-screen-cloth_move-action_contrastive_finetune-s2808-t512-r1,cloth_move,action_contrastive_finetune,2808,512,ready,INCONCLUSIVE,reject_or_revise,ladder_auc_psnr_envmax,-21.14920683243929,675.7220985573352,654.572891724896,True,True,1.0,,True,7780afc9c5df2291d6179fdc5a36e46faf0aa2e731d5ff16b7464e24f4d29766,0
acwm-autoloop-screen-cloth_move-action_contrastive_finetune-s2809-t512-r1,cloth_move,action_contrastive_finetune,2809,512,ready,INCONCLUSIVE,promote_to_confirmation,ladder_auc_psnr_envmax,42.967631846958625,675.7220985573352,718.6897304042939,True,True,1.0,,True,762c1a03f04682d7ba97959c48e4772bc4bf726428446b97e5539d3ad5c01ed1,0
acwm-autoloop-screen-cloth_move-cfg_guidance_schedule-s914-t512-r1,cloth_move,cfg_guidance_schedule,914,512,ready,INCONCLUSIVE,promote_to_confirmation,ladder_auc_psnr_envmax,22.53368284558678,675.7220985573352,698.255781402922,True,True,1.0,,True,54a0be1c90fcef52a29eb1ade5c195581ecfe721f7f313d75d512bfa96e7b43d,46
acwm-autoloop-screen-cloth_move-dino_rep_injection-s2701-t512-r1,cloth_move,dino_rep_injection,2701,512,ready,INCONCLUSIVE,reject_or_revise,ladder_auc_psnr_envmax,-26.417744307912585,675.7220985573352,649.3043542494227,True,True,1.0,,True,a06f36eee02aa46056e356d16c09327a69d511b7fb59a56133e8ed3f5800ad36,0
acwm-autoloop-screen-cloth_move-dino_rep_injection-s2813-t512-r1,cloth_move,dino_rep_injection,2813,512,ready,INCONCLUSIVE,promote_to_confirmation,ladder_auc_psnr_envmax,15.900010817665475,675.7220985573352,691.6221093750007,True,True,1.0,,True,5d1a7cefbb15a343b6ffe7a4dbd3bd33840706046039a8492671d0f2048e5d33,0
acwm-autoloop-screen-cloth_move-first_frame_anchor-s903-t512-r1,cloth_move,first_frame_anchor,903,512,ready,INCONCLUSIVE,reject_or_revise,ladder_auc_psnr_envmax,-30.153890982457483,675.7220985573352,645.5682075748778,True,True,1.0,,True,60378abe8fcfca8a2668a5c718300669d9194c5723c98ae945796a4b7662f3e6,0
acwm-autoloop-screen-cloth_move-history_noise_schedule-s821-t512-r1,cloth_move,history_noise_schedule,821,512,ready,INCONCLUSIVE,promote_to_confirmation,ladder_auc_psnr_envmax,25.190621280834534,675.7220985573352,700.9127198381698,True,True,1.0,,True,27107583840ad6819ccd5f3625d888ac301718c22ee2e51889b3f558297bdb04,0
acwm-autoloop-screen-cloth_move-inv_dyn_reward_finetune-s2810-t512-r1,cloth_move,inv_dyn_reward_finetune,2810,512,ready,INCONCLUSIVE,reject_or_revise,ladder_auc_psnr_envmax,-36.39385131992435,675.7220985573352,639.3282472374109,True,True,1.0,,True,b842b3ced1edee2e06ef945e1c49325c291f421528ee7f62aeec89e8d9bc0c3f,0
acwm-autoloop-screen-cloth_move-inv_dyn_reward_finetune-s2811-t512-r1,cloth_move,inv_dyn_reward_finetune,2811,512,ready,INCONCLUSIVE,promote_to_confirmation,ladder_auc_psnr_envmax,8.49430365356966,675.7220985573352,684.2164022109049,True,True,1.0,,True,4e995e2f3a97954223d148c975f281fc67502d0e8b84fa1613e5c7388749c25a,0
acwm-autoloop-screen-cloth_move-inv_dyn_reward_finetune-s2812-t512-r1,cloth_move,inv_dyn_reward_finetune,2812,512,ready,INCONCLUSIVE,promote_to_confirmation,ladder_auc_psnr_envmax,6.913478116012016,675.7220985573352,682.6355766733473,True,True,1.0,,True,524e281478af6a42c57f5b2dad2b0aae014c31ef1eef14b52e5e4e0e4930ef79,0
acwm-autoloop-screen-cloth_move-latent_spatial_memory-s872-t512-r1,cloth_move,latent_spatial_memory,872,512,ready,INCONCLUSIVE,reject_or_revise,ladder_auc_psnr_envmax,-71.5865283038795,675.7220985573352,604.1355702534557,True,True,1.0,,True,8d041bb6431ab84e856e23589e8b4abc67b919d769fc00389e2587b2b6acaba8,0
acwm-autoloop-screen-cloth_move-mixture_reweight-s2800-t512-r1,cloth_move,mixture_reweight,2800,512,ready,INCONCLUSIVE,promote_to_confirmation,ladder_auc_psnr_envmax,48.21308080878396,675.7220985573352,723.9351793661192,True,True,1.0,,True,842e03caa10548ffa67f1fcd77a9c7451d92935e3067ab4cfcec472a5fa96d45,0
acwm-autoloop-screen-cloth_move-motion_region_reweight-s2702-t512-r1,cloth_move,motion_region_reweight,2702,512,ready,INCONCLUSIVE,reject_or_revise,ladder_auc_psnr_envmax,-8.212441483575617,675.7220985573352,667.5096570737596,True,True,1.0,,True,f675e61b8a5b23373549b66b5c09158ab18fbd6cfa8ca3d862a7321610165a7e,0
acwm-autoloop-screen-cloth_move-motion_region_reweight-s2814-t512-r1,cloth_move,motion_region_reweight,2814,512,ready,INCONCLUSIVE,promote_to_confirmation,ladder_auc_psnr_envmax,2.6668277250682877,675.7220985573352,678.3889262824035,True,True,1.0,,True,02f6ca706ef932a7ef57dd3e4b5022efb4395e91d85feff48ce70bf0431190b9,0
acwm-autoloop-screen-cloth_move-motion_region_reweight-s2815-t512-r1,cloth_move,motion_region_reweight,2815,512,ready,INCONCLUSIVE,reject_or_revise,ladder_auc_psnr_envmax,-29.810716241169644,675.7220985573352,645.9113823161656,True,True,1.0,,True,20f5f73b7234b8c0a65a3bd994970603476d20a3549dcc8154d7da90d6584251,0
acwm-autoloop-screen-cloth_move-next_forcing-s2802-t512-r1,cloth_move,next_forcing,2802,512,ready,INCONCLUSIVE,promote_to_confirmation,ladder_auc_psnr_envmax,11.905507229944192,675.7220985573352,687.6276057872794,True,True,1.0,,True,3b300477d903eff0626bcb2effc42f974db5bd3d8af1d07b84abd238dd82fae0,0
acwm-autoloop-screen-cloth_move-next_forcing-s2803-t512-r1,cloth_move,next_forcing,2803,512,ready,INCONCLUSIVE,reject_or_revise,ladder_auc_psnr_envmax,-62.88679189125901,675.7220985573352,612.8353066660762,True,True,1.0,,True,60de71aeac3bc0c428d2dc40eb785c64d11f3fd3a09a2ca6fce2d35bcf2eb74f,0
acwm-autoloop-screen-cloth_move-next_forcing-s801-t512-r1,cloth_move,next_forcing,801,512,ready,INCONCLUSIVE,promote_to_confirmation,ladder_auc_psnr_envmax,11.899992694769253,675.7220985573352,687.6220912521045,True,True,1.0,,True,f2a8a2b8746b3d62d538536cd0c7b43fc70fc2d02a8540fd675b0f75eba0ad23,0
acwm-autoloop-screen-cloth_move-self_forcing_finetune-s2804-t512-r1,cloth_move,self_forcing_finetune,2804,512,ready,INCONCLUSIVE,reject_or_revise,ladder_auc_psnr_envmax,-3.5644319282213246,675.7220985573352,672.1576666291139,True,True,1.0,,True,3ba290683137adaf758b7bc7309808a3ed3604bc7f06d7a5d1433bc5aa347539,0
acwm-autoloop-screen-cloth_move-self_forcing_finetune-s2805-t512-r1,cloth_move,self_forcing_finetune,2805,512,ready,INCONCLUSIVE,promote_to_confirmation,ladder_auc_psnr_envmax,36.64450411561563,675.7220985573352,712.3666026729509,True,True,1.0,,True,4af84dee96f6d96c4394ca2de95f403d59f1e73c1d9b4f7a4d85984d1422c65a,0
acwm-autoloop-screen-cloth_move-self_forcing_finetune-s875-t512-r1,cloth_move,self_forcing_finetune,875,512,ready,INCONCLUSIVE,promote_to_confirmation,ladder_auc_psnr_envmax,20.624109096073084,675.7220985573352,696.3462076534083,True,True,1.0,,True,5fb19d9dceab6dcfee4c3c03e45c1cce69ec909a91e7616a6ad0c933bb364ef5,0
acwm-autoloop-screen-cloth_move-wmsd_self_distill-s2801-t512-r1,cloth_move,wmsd_self_distill,2801,512,ready,INCONCLUSIVE,reject_or_revise,ladder_auc_psnr_envmax,-34.875057702565414,675.7220985573352,640.8470408547698,True,True,1.0,,True,92e79bacabf64d2a26ab7237cfca9c3351c392547239b2556f3a5596b9385dda,0
acwm-autoloop-screen-pour_water-action_contrastive_finetune-s2894-t512-r1,pour_water,action_contrastive_finetune,2894,512,ready,INCONCLUSIVE,promote_to_confirmation,ladder_auc_psnr_envmax,21.495256286160384,1408.4182495750538,1429.9135058612142,True,True,1.0,,True,211af265cc83e2b66f13f531c36452a699a374105857c261d4afbfbd14c2acdc,0
acwm-autoloop-screen-pour_water-action_dimension_balancing-s2865-t512-r1,pour_water,action_dimension_balancing,2865,512,ready,INCONCLUSIVE,reject_or_revise,ladder_auc_psnr_envmax,-23.622403911036145,1408.4182495750538,1384.7958456640176,True,True,1.0,,True,dc1d9862132cdb7e25569da29d19c91b1a2b65b27f22a8fa9555c11e5431cee5,0
acwm-autoloop-screen-pour_water-dino_rep_injection-s2940-t512-r1,pour_water,dino_rep_injection,2940,512,ready,INCONCLUSIVE,reject_or_revise,ladder_auc_psnr_envmax,-40.91177578367524,1408.4182495750538,1367.5064737913785,True,True,1.0,,True,1d8ee0c86948d923efad9c85b572537fbc0c0b86e0843a4587379d2ca0844d5d,0
acwm-autoloop-screen-pour_water-event_window_reweight-s3005-t512-r1,pour_water,event_window_reweight,3005,512,ready,INCONCLUSIVE,promote_to_confirmation,ladder_auc_psnr_envmax,38.213954391895186,1408.4182495750538,1446.632203966949,True,True,1.0,,True,23880a7d6f70ba52cb9add2afc577a02aabc9042fb0e2942fadf15f3016a5795,0
acwm-autoloop-screen-pour_water-event_window_reweight-s3006-t512-r1,pour_water,event_window_reweight,3006,512,ready,INCONCLUSIVE,reject_or_revise,ladder_auc_psnr_envmax,-106.94125505174588,1408.4182495750538,1301.476994523308,True,True,1.0,,True,abd43ccabeca5b361858453b56f68812ce2b26f78ae32dde8f135466b0bd60be,0
acwm-autoloop-screen-pour_water-event_window_reweight-s3055-t512-r1,pour_water,event_window_reweight,3055,512,ready,INCONCLUSIVE,reject_or_revise,ladder_auc_psnr_envmax,-24.26078565094099,1408.4182495750538,1384.1574639241128,True,True,1.0,,True,a1e2a4951644df8e9367a1cdce24779a58d51014018c7efa5d1a6b0bd19c0eeb,0
acwm-autoloop-screen-pour_water-event_window_reweight-s3056-t512-r1,pour_water,event_window_reweight,3056,512,ready,INCONCLUSIVE,promote_to_confirmation,ladder_auc_psnr_envmax,27.1307512374633,1408.4182495750538,1435.549000812517,True,True,1.0,,True,08696793489ce345cdb92f853e84bc08a51573f483de364d5c705d3aef23310b,0
acwm-autoloop-screen-pour_water-history_noise_schedule-s811-t512-r1,pour_water,history_noise_schedule,811,512,ready,INCONCLUSIVE,reject_or_revise,ladder_auc_psnr_envmax,-159.85716795368307,1408.4182495750538,1248.5610816213707,True,True,1.0,,True,87f3f70fdc6dea9d55cdc3d4a07bc2c11bdec2f78ca6444fca61e1ec0a97c13e,0
acwm-autoloop-screen-pour_water-inv_dyn_reward_finetune-s2905-t512-r1,pour_water,inv_dyn_reward_finetune,2905,512,ready,INCONCLUSIVE,reject_or_revise,ladder_auc_psnr_envmax,-25.800932254377358,1408.4182495750538,1382.6173173206764,True,True,1.0,,True,306f07985351369d5dcea7b8138382bd9fa3ee627856aaa12a73fc20e1c92e79,0
acwm-autoloop-screen-pour_water-motion_region_reweight-s2943-t512-r1,pour_water,motion_region_reweight,2943,512,ready,INCONCLUSIVE,reject_or_revise,ladder_auc_psnr_envmax,-137.88217176443027,1408.4182495750538,1270.5360778106235,True,True,1.0,,True,b568c8332f2935fa773e5c547c98f91555a64d8bff6b613b6014ceb682076ace,0
acwm-autoloop-screen-pour_water-motion_region_reweight-s3052-t512-r1,pour_water,motion_region_reweight,3052,512,ready,INCONCLUSIVE,reject_or_revise,ladder_auc_psnr_envmax,-231.3671672674434,1408.4182495750538,1177.0510823076104,True,True,1.0,,True,75bd56db0ed6ef6c42ecba8bac0701946a0c6d7c237a4a8300ef8c16de7dae4e,0
acwm-autoloop-screen-pour_water-motion_region_reweight-s3053-t512-r1,pour_water,motion_region_reweight,3053,512,ready,INCONCLUSIVE,reject_or_revise,ladder_auc_psnr_envmax,-66.31572554772515,1408.4182495750538,1342.1025240273286,True,True,1.0,,True,c4652336829de992fbc80c11ce05e8a4b251888b507d88ed11f29beec65ae9cd,0
acwm-autoloop-screen-pour_water-motion_region_reweight-s3054-t512-r1,pour_water,motion_region_reweight,3054,512,ready,INCONCLUSIVE,promote_to_confirmation,ladder_auc_psnr_envmax,27.60360689453364,1408.4182495750538,1436.0218564695874,True,True,1.0,,True,b8333f38cd9179552e7ce08d5bad2f1b579b220a8e102748af7d40fec8625d8b,0
acwm-autoloop-screen-pour_water-motion_region_reweight-s3059-t512-r1,pour_water,motion_region_reweight,3059,512,ready,INCONCLUSIVE,reject_or_revise,ladder_auc_psnr_envmax,-227.563154031448,2392.5178040551946,2164.9546500237466,True,True,1.0,,True,54ac99afa0916bbb9be7d055258b502d9519db6d78ff31d6865decb92752aafc,0
acwm-autoloop-screen-pour_water-motion_region_reweight-s3060-t512-r1,pour_water,motion_region_reweight,3060,512,ready,INCONCLUSIVE,promote_to_confirmation,ladder_auc_psnr_envmax,81.64872441382158,2392.5178040551946,2474.166528469016,True,True,1.0,,True,34a6d04dc1f458e6855ecc6b7d9408313d96d36159da651551c3c37bfc829776,0
acwm-autoloop-screen-pour_water-next_forcing-s3018-t512-r1,pour_water,next_forcing,3018,512,ready,INCONCLUSIVE,reject_or_revise,ladder_auc_psnr_envmax,-271.6007433891016,1408.4182495750538,1136.8175061859522,True,True,1.0,,True,25aaf8c9fd6af9cc416fbe34e343e3b856f154b363d66cf651dfa8ef9257e9b3,0
acwm-autoloop-screen-pour_water-next_forcing-s3051-t512-r1,pour_water,next_forcing,3051,512,ready,INCONCLUSIVE,reject_or_revise,ladder_auc_psnr_envmax,-4.6139324276630305,1408.4182495750538,1403.8043171473907,True,True,1.0,,True,3adfe057eea7ca30af6581cb3a816ba687d0f7f6a904b6979e790e4a93909c62,0
acwm-autoloop-screen-pour_water-self_forcing_finetune-s2862-t512-r1,pour_water,self_forcing_finetune,2862,512,ready,INCONCLUSIVE,promote_to_confirmation,ladder_auc_psnr_envmax,77.74550741436042,1408.4182495750538,1486.1637569894142,True,True,1.0,,True,1dc080b8098d1b6f1fb502d38efc9d1cfa19373da7175a739b2654e56a800ef6,0
acwm-autoloop-screen-pour_water-self_forcing_finetune-s2887-t512-r1,pour_water,self_forcing_finetune,2887,512,ready,INCONCLUSIVE,promote_to_confirmation,ladder_auc_psnr_envmax,11.002971596035195,1408.4182495750538,1419.421221171089,True,True,1.0,,True,40b7896eb19cc84df94810efd0c2d5de9ba562bffdbaee62d84d68d5237e1e90,0
acwm-autoloop-screen-pour_water-self_forcing_finetune-s3061-t512-r1,pour_water,self_forcing_finetune,3061,512,ready,INCONCLUSIVE,reject_or_revise,ladder_auc_psnr_envmax,-42.38246691730137,2392.5178040551946,2350.135337137893,True,True,1.0,,True,06d01856bd4d144effbbe64e36cdb78f86ddf127cf02ccd5157f2a350d2fe0a7,0
acwm-autoloop-screen-pour_water-self_forcing_finetune-s3063-t512-r1,pour_water,self_forcing_finetune,3063,512,ready,INCONCLUSIVE,reject_or_revise,ladder_auc_psnr_envmax,-39.81268886834732,2392.5178040551946,2352.7051151868473,True,True,1.0,,True,61ab62d24c3924ed79201839092cd24a1e192a471c95e5c96cc5253da9b95798,0
acwm-autoloop-screen-pour_water-self_forcing_finetune-s873-t512-r1,pour_water,self_forcing_finetune,873,512,ready,INCONCLUSIVE,promote_to_confirmation,ladder_auc_psnr_envmax,84.05862586324656,1408.4182495750538,1492.4768754383003,True,True,1.0,,True,afe43599735236e87477014ba16c69705173b6c6bece652ba5f3270bf95e63e0,0
acwm-autoloop-screen-push_cube-action_contrastive_finetune-s2012-t512-r1,push_cube,action_contrastive_finetune,2012,512,ready,INCONCLUSIVE,reject_or_revise,ladder_auc_psnr_envmax,-110.06103794838327,1369.3610536173535,1259.3000156689702,True,True,0.0,,True,e8f04e43ce474760bc0afd857690419e3151b3a2f470959f07f0e9faa0883630,0
acwm-autoloop-screen-push_cube-action_contrastive_finetune-s2015-t512-r1,push_cube,action_contrastive_finetune,2015,512,ready,INCONCLUSIVE,reject_or_revise,ladder_auc_psnr_envmax,-36.14298764280397,1369.3610536173535,1333.2180659745495,True,True,0.0,,True,dc4840037f538021d6733c9a3cddd22acbd0ad94708dccc9252b1196fd613e01,0
acwm-autoloop-screen-push_cube-action_contrastive_finetune-s2825-t512-r1,push_cube,action_contrastive_finetune,2825,512,ready,INCONCLUSIVE,reject_or_revise,ladder_auc_psnr_envmax,-67.0352302564545,1369.3610536173535,1302.325823360899,True,True,0.0,,True,47f2cca6e6fdc6756cf1e1271e3d5770b59b47f86f47efbec6950c46f1e6568d,0
acwm-autoloop-screen-push_cube-action_contrastive_finetune-s2826-t512-r1,push_cube,action_contrastive_finetune,2826,512,ready,INCONCLUSIVE,reject_or_revise,ladder_auc_psnr_envmax,-135.69192595453387,1369.3610536173535,1233.6691276628196,True,True,0.0,,True,f4c5a9fb024834b2988b4853781d334cdcb6ed3873200132195f3130f78933cf,0
acwm-autoloop-screen-push_cube-action_contrastive_finetune-s2827-t512-r1,push_cube,action_contrastive_finetune,2827,512,ready,INCONCLUSIVE,reject_or_revise,ladder_auc_psnr_envmax,-86.62089986407841,1369.3610536173535,1282.740153753275,True,True,0.0,,True,f53eb2c499f8b4bb764c2c4aa3ead066318ecc0d7edea9af125ba583bdae6e69,0
acwm-autoloop-screen-push_cube-dino_rep_injection-s1600-t512-r1,push_cube,dino_rep_injection,1600,512,ready,INCONCLUSIVE,reject_or_revise,ladder_auc_psnr_envmax,-180.17320636576756,1369.3610536173535,1189.187847251586,True,True,0.0,,True,09654d1bc74cc83ed779c07d4841cbd6f5fe1fb0b520d46048e1808a2d86f0b3,0
acwm-autoloop-screen-push_cube-dino_rep_injection-s990-t512-r1,push_cube,dino_rep_injection,990,512,ready,INCONCLUSIVE,reject_or_revise,ladder_auc_psnr_envmax,-105.23614907431852,1369.3610536173535,1264.124904543035,True,True,0.0,,True,584cc5e264e1b8903be4b5fbe34e3245a761097d08101c7af255560bf4e3dc50,0
acwm-autoloop-screen-push_cube-inv_dyn_reward_finetune-s851-t512-r1,push_cube,inv_dyn_reward_finetune,851,512,ready,INCONCLUSIVE,reject_or_revise,ladder_auc_psnr_envmax,-111.8084716217329,1369.3610536173535,1257.5525819956206,True,True,0.0,,True,bf367d162ca3430a6c91c916e7dea2c9b440deb197f244d31b874b91c58270cd,0
acwm-autoloop-screen-push_cube-inv_dyn_reward_finetune-s977-t512-r1,push_cube,inv_dyn_reward_finetune,977,512,ready,INCONCLUSIVE,reject_or_revise,ladder_auc_psnr_envmax,-178.37636819584463,1369.3610536173535,1190.9846854215089,True,True,0.0,,True,4a906a4c179b5e2def674bbf63871c154fdad9866e16a944b13d1ad32d4e120d,0
acwm-autoloop-screen-push_cube-inv_dyn_reward_finetune-s980-t512-r1,push_cube,inv_dyn_reward_finetune,980,512,ready,INCONCLUSIVE,reject_or_revise,ladder_auc_psnr_envmax,-92.81995464546048,1369.3610536173535,1276.541098971893,True,True,0.0,,True,8e2a669a04a25f81fe28d4fd93386cd1a6bfa68a47cd89d5d94f03661c8c2d25,0
acwm-autoloop-screen-push_cube-latent_motion_prior-s863-t512-r1,push_cube,latent_motion_prior,863,512,ready,INCONCLUSIVE,reject_or_revise,ladder_auc_psnr_envmax,-122.95866165088478,1369.3610536173535,1246.4023919664687,True,True,0.0,,True,ca039a6d608845a4a824b17b59ba2086dfc45f411a2b69acf45996c17fff31b0,0
acwm-autoloop-screen-push_cube-latent_motion_prior-s994-t512-r1,push_cube,latent_motion_prior,994,512,ready,INCONCLUSIVE,reject_or_revise,ladder_auc_psnr_envmax,-219.81756331603196,1369.3610536173535,1149.5434903013215,True,True,0.0,,True,8d789cea9d11b9472ae87a04d8d81aa7ae3de5bfb6c46211acc73f99ae3b6ed3,0
acwm-autoloop-screen-push_cube-latent_motion_prior-s997-t512-r1,push_cube,latent_motion_prior,997,512,ready,INCONCLUSIVE,reject_or_revise,ladder_auc_psnr_envmax,-38.82764157893075,1369.3610536173535,1330.5334120384227,True,True,0.0,,True,e88b22b8e7feae5d4f496b23dc0b6b8f0b5106834fefbd5f52a57e1af6c4cce1,0
acwm-autoloop-screen-push_cube-mixture_reweight-s2603-t512-r1,push_cube,mixture_reweight,2603,512,ready,INCONCLUSIVE,reject_or_revise,ladder_auc_psnr_envmax,-94.52246754978773,1369.3610536173535,1274.8385860675658,True,True,0.0,,True,018c96f8055156932f2ae7f81c7aa5a0d3421f83a2c2b91741f1c5aa261b76d9,0
acwm-autoloop-screen-push_cube-mixture_reweight-s2604-t512-r1,push_cube,mixture_reweight,2604,512,ready,INCONCLUSIVE,reject_or_revise,ladder_auc_psnr_envmax,-159.88751203675952,1369.3610536173535,1209.473541580594,True,True,0.0,,True,f7d51fc45a8a24a6c17d4c35ffbf97febc44a39d1a7ec10f5525d4ce77d51459,0
acwm-autoloop-screen-push_cube-mixture_reweight-s963-t512-r1,push_cube,mixture_reweight,963,512,ready,INCONCLUSIVE,reject_or_revise,ladder_auc_psnr_envmax,-93.29363045202604,1369.3610536173535,1276.0674231653275,True,True,0.0,,True,688dcdfb75d8205482e36b913bbd639277885f0e2e348e09b3744352f9998ee4,0
acwm-autoloop-screen-push_cube-mixture_reweight-s967-t512-r1,push_cube,mixture_reweight,967,512,ready,INCONCLUSIVE,reject_or_revise,ladder_auc_psnr_envmax,-78.36268781517151,1369.3610536173535,1290.998365802182,True,True,0.0,,True,4255dcd109ac33f1dcb0611f261c6ebd8b885e80b2d567c77885afff2e2218c0,0
acwm-autoloop-screen-push_cube-mixture_reweight-s973-t512-r1,push_cube,mixture_reweight,973,512,ready,INCONCLUSIVE,reject_or_revise,ladder_auc_psnr_envmax,-103.0077737603649,1369.3610536173535,1266.3532798569886,True,True,0.0,,True,563712d7577144752e644ec0802be3bd293cbe0a7d911e7891f8f5468a795c8b,0
acwm-autoloop-screen-push_cube-motion_region_reweight-s2080-t512-r1,push_cube,motion_region_reweight,2080,512,ready,INCONCLUSIVE,reject_or_revise,ladder_auc_psnr_envmax,-132.68427603653367,1369.3610536173535,1236.6767775808198,True,True,0.0,,True,3d9272f52656419fe1097853d96dfb8878dafcf468969156d60e860883b18a54,0
acwm-autoloop-screen-push_cube-motion_region_reweight-s2083-t512-r1,push_cube,motion_region_reweight,2083,512,ready,INCONCLUSIVE,reject_or_revise,ladder_auc_psnr_envmax,-200.41141441608647,1369.3610536173535,1168.949639201267,True,True,0.0,,True,d259b2e9a3c65fed37adc63ab1b2fdb562015a7e234d512262a2ad07f09ad2d3,0
acwm-autoloop-screen-push_cube-motion_region_reweight-s2086-t512-r1,push_cube,motion_region_reweight,2086,512,ready,INCONCLUSIVE,reject_or_revise,ladder_auc_psnr_envmax,-149.30770482837693,1369.3610536173535,1220.0533487889766,True,True,0.0,,True,0e077bf789c5b57fed6eedcf8f23a570c962b017aeccd3f6cf92a7b06463a198,0
acwm-autoloop-screen-push_cube-motion_region_reweight-s2605-t512-r1,push_cube,motion_region_reweight,2605,512,ready,INCONCLUSIVE,reject_or_revise,ladder_auc_psnr_envmax,-151.15592359403604,1369.3610536173535,1218.2051300233175,True,True,0.0,,True,1158c0f8c6e215a9d967ec86f59d731c11bff42cf9743770aee61287a170f89a,0
acwm-autoloop-screen-push_cube-motion_region_reweight-s2825-t512-r1,push_cube,motion_region_reweight,2825,512,ready,INCONCLUSIVE,reject_or_revise,ladder_auc_psnr_envmax,-212.10316764132244,1369.3610536173535,1157.257885976031,True,True,0.0,,True,38b74504f964a4fba1a241a2dbac73d40a0a08a5e1c33cb937e6b1c10a13940d,0
acwm-autoloop-screen-push_cube-next_forcing-s801-t512-r1,push_cube,next_forcing,801,512,ready,INCONCLUSIVE,reject_or_revise,ladder_auc_psnr_envmax,-70.06831235387767,1369.3610536173535,1299.2927412634758,True,True,0.0,,True,3acb2369f37cefa2d0488676c08e9fa02889d8fe39b4eeaf06c3f0916c3cc330,0
acwm-autoloop-screen-push_cube-next_forcing-s983-t512-r1,push_cube,next_forcing,983,512,ready,INCONCLUSIVE,reject_or_revise,ladder_auc_psnr_envmax,-94.44315336452178,1369.3610536173535,1274.9179002528317,True,True,0.0,,True,8e19b4a407647ec9589cbdb01b798f678b952be72f3af90c504bee304895662e,0
acwm-autoloop-screen-push_cube-next_forcing-s987-t512-r1,push_cube,next_forcing,987,512,ready,INCONCLUSIVE,reject_or_revise,ladder_auc_psnr_envmax,-169.8808618491562,1369.3610536173535,1199.4801917681973,True,True,0.0,,True,f43e7c5897c5cfb82772cd1ba03e423fa6337a551207bf81c27a9b25ff635ad5,0
acwm-autoloop-screen-push_cube-self_forcing_finetune-s1811-t512-r1,push_cube,self_forcing_finetune,1811,512,ready,INCONCLUSIVE,reject_or_revise,ladder_auc_psnr_envmax,-164.58153864485917,1369.3610536173535,1204.7795149724943,True,True,0.0,,True,67dde71d3a21447b0ab16cd2a9f39440309227d0bfe0f04a97a3184277073bb6,0
acwm-autoloop-screen-push_cube-self_forcing_finetune-s1824-t512-r1,push_cube,self_forcing_finetune,1824,512,ready,INCONCLUSIVE,reject_or_revise,ladder_auc_psnr_envmax,-99.51953105612779,1369.3610536173535,1269.8415225612257,True,True,0.0,,True,ec7fe1afee0cc909823bf5652b39cd043416c56e9f05f32e696dd8e3a84f9cb4,0
acwm-autoloop-screen-push_cube-self_forcing_finetune-s2051-t512-r1,push_cube,self_forcing_finetune,2051,512,ready,INCONCLUSIVE,reject_or_revise,ladder_auc_psnr_envmax,-83.8819825320054,1369.3610536173535,1285.479071085348,True,True,0.0,,True,bd91c12ab5aad3b50794ec3b9c6aa7381d86c455b258f093d9ad9719de97535a,0
acwm-autoloop-screen-push_cube-wmsd_self_distill-s1101-t512-r1,push_cube,wmsd_self_distill,1101,512,ready,INCONCLUSIVE,reject_or_revise,ladder_auc_psnr_envmax,-59.0949263930313,1369.3610536173535,1310.2661272243222,True,True,0.0,,True,9a814a1951b477fd1700c2bcb17ca8465b07a11c5d30e5410a46fe00bc79ecec,0
acwm-autoloop-screen-push_cube-wmsd_self_distill-s1814-t512-r1,push_cube,wmsd_self_distill,1814,512,ready,INCONCLUSIVE,reject_or_revise,ladder_auc_psnr_envmax,-97.1041979674012,1369.3610536173535,1272.2568556499523,True,True,0.0,,True,dcee4c80c62535e8ff650519f40c8afaed74ff10d36cc7b6ff283a8299ba6b8c,0
acwm-autoloop-screen-push_rope-action_contrastive_finetune-s2003-t512-r1,push_rope,action_contrastive_finetune,2003,512,ready,INCONCLUSIVE,reject_or_revise,ladder_auc_psnr_envmax,-39.71215005225031,1166.3253747250485,1126.6132246727982,True,True,0.0,,True,d31afd9acb83f9e8a2532c6830662a99d6dc4300a7888f2234227fea5e9cfc93,0
acwm-autoloop-screen-push_rope-action_contrastive_finetune-s2013-t512-r1,push_rope,action_contrastive_finetune,2013,512,ready,INCONCLUSIVE,reject_or_revise,ladder_auc_psnr_envmax,-41.66541405118528,1166.3253747250485,1124.6599606738632,True,True,0.0,,True,802e47ea7f7bd6d6bbecb65df9c21820cc37ef0c408e4e119668d770c11c32cf,0
acwm-autoloop-screen-push_rope-action_contrastive_finetune-s2501-t512-r1,push_rope,action_contrastive_finetune,2501,512,ready,INCONCLUSIVE,reject_or_revise,ladder_auc_psnr_envmax,-35.98977815677313,1166.3253747250485,1130.3355965682754,True,True,0.0,,True,83aaded2cf79296c31139db1cc9e5561bd51f36585476c07a51aa7784f9de57e,0
acwm-autoloop-screen-push_rope-action_contrastive_finetune-s2502-t512-r1,push_rope,action_contrastive_finetune,2502,512,ready,INCONCLUSIVE,reject_or_revise,ladder_auc_psnr_envmax,-35.69881938194089,1166.3253747250485,1130.6265553431076,True,True,0.0,,True,4dc954f5cd2195cba86c5c382307a4cfe9fda5e7603eb7dbd82c6892cef452e6,0
acwm-autoloop-screen-push_rope-action_contrastive_finetune-s2503-t512-r1,push_rope,action_contrastive_finetune,2503,512,ready,INCONCLUSIVE,reject_or_revise,ladder_auc_psnr_envmax,-40.9683801909207,1166.3253747250485,1125.3569945341278,True,True,0.0,,True,b0a17e756bff369051da21887343ccee0bf5707e8efc7bb9f262e980ea16b99c,0
acwm-autoloop-screen-push_rope-action_contrastive_finetune-s2877-t512-r1,push_rope,action_contrastive_finetune,2877,512,ready,INCONCLUSIVE,reject_or_revise,ladder_auc_psnr_envmax,-36.03547530050332,1166.3253747250485,1130.2898994245452,True,True,0.0,,True,3604858d1265a8c8e06491e71484ca0294c13658fedd4aec8fb1138f5b22603b,0
acwm-autoloop-screen-push_rope-action_contrastive_finetune-s2883-t512-r1,push_rope,action_contrastive_finetune,2883,512,ready,INCONCLUSIVE,reject_or_revise,ladder_auc_psnr_envmax,-30.627607701373563,1166.3253747250485,1135.697767023675,True,True,0.0,,True,6c2fa0836d4f3186db78caac22d4218a95ff8e73a01a34665c7825a7718c5517,0
acwm-autoloop-screen-push_rope-action_contrastive_finetune-s2895-t512-r1,push_rope,action_contrastive_finetune,2895,512,ready,INCONCLUSIVE,reject_or_revise,ladder_auc_psnr_envmax,-48.362773444178174,1166.3253747250485,1117.9626012808703,True,True,0.0,,True,050286afdd8270bbe08e70b147c154e576239464719af972088e154a9706bd02,0
acwm-autoloop-screen-push_rope-action_contrastive_finetune-s2942-t512-r1,push_rope,action_contrastive_finetune,2942,512,ready,INCONCLUSIVE,reject_or_revise,ladder_auc_psnr_envmax,-32.223574233804584,1166.3253747250485,1134.101800491244,True,True,0.0,,True,98ee6106494235d259ea5d67a3e857e1d7cea417de5236dc2367622eb3c4a1a2,0
acwm-autoloop-screen-push_rope-action_contrastive_finetune-s3116-t512-r1,push_rope,action_contrastive_finetune,3116,512,ready,INCONCLUSIVE,reject_or_revise,ladder_auc_psnr_envmax,-45.018707259234134,1166.3253747250485,1121.3066674658144,True,True,0.0,,True,7c6baa67c9d8c39fea49c40907cb832e82a773c915d877e757a583c59bdcbbf5,0
acwm-autoloop-screen-push_rope-action_contrastive_finetune-s3117-t512-r1,push_rope,action_contrastive_finetune,3117,512,ready,INCONCLUSIVE,reject_or_revise,ladder_auc_psnr_envmax,-56.97822923796525,1166.3253747250485,1109.3471454870833,True,True,0.0,,True,c4d067474a3ba36f90f36f31d68b9583f48ebce0087359232b8333ebf926e5be,0
acwm-autoloop-screen-push_rope-action_contrastive_finetune-s3118-t512-r1,push_rope,action_contrastive_finetune,3118,512,ready,INCONCLUSIVE,reject_or_revise,ladder_auc_psnr_envmax,-33.2797917882765,1166.3253747250485,1133.045582936772,True,True,0.0,,True,b8e4aafafe3bfef5decf8117976c2feaeba4f0f52962ba8bd7b9b3de89aa124e,0
acwm-autoloop-screen-push_rope-action_dimension_balancing-s2834-t512-r1,push_rope,action_dimension_balancing,2834,512,ready,INCONCLUSIVE,reject_or_revise,ladder_auc_psnr_envmax,-107.08717120172355,1166.3253747250485,1059.238203523325,True,True,0.0,,True,0471c91a74996018e02e1f196ec7212924c9ad98bf99217c0186790cda0bec0d,0
acwm-autoloop-screen-push_rope-action_dimension_balancing-s2836-t512-r1,push_rope,action_dimension_balancing,2836,512,ready,INCONCLUSIVE,reject_or_revise,ladder_auc_psnr_envmax,-65.93135974348866,1166.3253747250485,1100.3940149815598,True,True,0.0,,True,3816c935d9ec8baac720c5d2a8c5bda0986418cd4377f4f3be97e4623f8d1179,0
acwm-autoloop-screen-push_rope-action_dimension_balancing-s2846-t512-r1,push_rope,action_dimension_balancing,2846,512,ready,INCONCLUSIVE,reject_or_revise,ladder_auc_psnr_envmax,-160.2660187576755,1166.3253747250485,1006.059355967373,True,True,0.0,,True,935ea59a65410c2c4953cd97e5dc709716d501b5b22dacd2adaa810248f24295,0
acwm-autoloop-screen-push_rope-action_dimension_balancing-s2860-t512-r1,push_rope,action_dimension_balancing,2860,512,ready,INCONCLUSIVE,reject_or_revise,ladder_auc_psnr_envmax,-136.28275856340315,1166.3253747250485,1030.0426161616454,True,True,0.0,,True,19637c6abb37e40ef632efc275000049770103f73d5d55a25298311c67e1be6d,0
acwm-autoloop-screen-push_rope-action_dimension_balancing-s3048-t512-r1,push_rope,action_dimension_balancing,3048,512,ready,INCONCLUSIVE,reject_or_revise,ladder_auc_psnr_envmax,-96.61318667673822,1166.3253747250485,1069.7121880483103,True,True,0.0,,True,a86fefa3067e49c9082980c5ed1d0aff764269b072ee7cc3cd6904387626e61a,0
acwm-autoloop-screen-push_rope-action_dimension_balancing-s3104-t512-r1,push_rope,action_dimension_balancing,3104,512,ready,INCONCLUSIVE,reject_or_revise,ladder_auc_psnr_envmax,-139.66844299718605,1166.3253747250485,1026.6569317278625,True,True,0.0,,True,073957a8e13a570323912822abe5868563d3b5d0de58735d3bd91461b5789cd7,0
acwm-autoloop-screen-push_rope-action_dimension_balancing-s3111-t512-r1,push_rope,action_dimension_balancing,3111,512,ready,INCONCLUSIVE,reject_or_revise,ladder_auc_psnr_envmax,-122.02831193295765,1166.3253747250485,1044.2970627920909,True,True,0.0,,True,ae3167924d731311d972d1f66f3ed0a78a54fba38133740ba3fb97a22691c3c5,0
acwm-autoloop-screen-push_rope-cfg_guidance_schedule-s913-t512-r1,push_rope,cfg_guidance_schedule,913,512,ready,INCONCLUSIVE,reject_or_revise,ladder_auc_psnr_envmax,-38.78367928129251,1166.3253747250485,1127.541695443756,True,True,0.0,,True,4f4734f7769bf7a289df404c4b85d57d5fc8557b918630a4e79a677cdc9a8278,0
acwm-autoloop-screen-push_rope-dino_rep_injection-s2052-t512-r1,push_rope,dino_rep_injection,2052,512,ready,INCONCLUSIVE,reject_or_revise,ladder_auc_psnr_envmax,-50.45130700575987,1166.3253747250485,1115.8740677192886,True,True,0.0,,True,c18040cd140d7a9ba742aac50fa9286ccb9fe1b6193e55a1dedcb002d3128005,0
acwm-autoloop-screen-push_rope-dino_rep_injection-s2844-t512-r1,push_rope,dino_rep_injection,2844,512,ready,INCONCLUSIVE,reject_or_revise,ladder_auc_psnr_envmax,-43.77541955513834,1166.3253747250485,1122.5499551699102,True,True,0.0,,True,90a146b5a560bcb08418b7ee168339163b50cb4708d1e1974cbbf1b8bac5468f,0
acwm-autoloop-screen-push_rope-dino_rep_injection-s2849-t512-r1,push_rope,dino_rep_injection,2849,512,ready,INCONCLUSIVE,reject_or_revise,ladder_auc_psnr_envmax,-54.79824702641599,1166.3253747250485,1111.5271276986325,True,True,0.0,,True,06bb878f69c755d66e2d23065e9b6dd1b7c9a0e96de28eb566a61e049877c412,0
acwm-autoloop-screen-push_rope-dino_rep_injection-s3046-t512-r1,push_rope,dino_rep_injection,3046,512,ready,INCONCLUSIVE,reject_or_revise,ladder_auc_psnr_envmax,-33.861368047803126,1166.3253747250485,1132.4640066772454,True,True,0.0,,True,21b9d2e4d319443d1448b533b6afbf04fb3f4055eaed1833f712779d0215d129,0
acwm-autoloop-screen-push_rope-dino_rep_injection-s3050-t512-r1,push_rope,dino_rep_injection,3050,512,ready,INCONCLUSIVE,reject_or_revise,ladder_auc_psnr_envmax,-58.76272040564959,1166.3253747250485,1107.562654319399,True,True,0.0,,True,44b74a128f359130c8f6e384a6cf7f14401effed1794e0c15785695836fc1ed5,0
acwm-autoloop-screen-push_rope-event_window_reweight-s3130-t512-r1,push_rope,event_window_reweight,3130,512,ready,INCONCLUSIVE,reject_or_revise,ladder_auc_psnr_envmax,-57.10198453781118,1166.3253747250485,1109.2233901872373,True,True,0.0,,True,1f06bac9e36356b581476209efabd50ff7c1ae340ddd0406151cdf62f02dd962,0
acwm-autoloop-screen-push_rope-inv_dyn_reward_finetune-s2861-t512-r1,push_rope,inv_dyn_reward_finetune,2861,512,ready,INCONCLUSIVE,reject_or_revise,ladder_auc_psnr_envmax,-37.0666750378125,1166.3253747250485,1129.258699687236,True,True,0.0,,True,71df3cf38649d08299416704dabfac8c02ac8903daf5fdb80db29aea4d075fb6,0
acwm-autoloop-screen-push_rope-inv_dyn_reward_finetune-s2874-t512-r1,push_rope,inv_dyn_reward_finetune,2874,512,ready,INCONCLUSIVE,reject_or_revise,ladder_auc_psnr_envmax,-52.20442990744368,1166.3253747250485,1114.1209448176048,True,True,0.0,,True,54f073244b61c07f0c682cce65c25c49968913abcb466d1a56d2af854610478c,0
acwm-autoloop-screen-push_rope-inv_dyn_reward_finetune-s3105-t512-r1,push_rope,inv_dyn_reward_finetune,3105,512,ready,INCONCLUSIVE,reject_or_revise,ladder_auc_psnr_envmax,-42.41083740029353,1166.3253747250485,1123.914537324755,True,True,0.0,,True,15cb79d5106fafa121ea88fd3503b36dfea4c1a3e719aea5895d2467348b87ac,0
acwm-autoloop-screen-push_rope-inv_dyn_reward_finetune-s3112-t512-r1,push_rope,inv_dyn_reward_finetune,3112,512,ready,INCONCLUSIVE,reject_or_revise,ladder_auc_psnr_envmax,-30.349717123660184,1166.3253747250485,1135.9756576013883,True,True,0.0,,True,9ebbb0d11f3be1afb2c5539230c4301875100accad2748d6a1ae071c920032da,0
acwm-autoloop-screen-push_rope-inv_dyn_reward_finetune-s920-t512-r1,push_rope,inv_dyn_reward_finetune,920,512,ready,INCONCLUSIVE,reject_or_revise,ladder_auc_psnr_envmax,-29.862810921663595,1166.3253747250485,1136.462563803385,True,True,0.0,,True,24e6987d309d765a42580f8f58f1c6af8856744a0c3a2f006c6727381a903cb0,0
acwm-autoloop-screen-push_rope-inv_dyn_reward_finetune-s988-t512-r1,push_rope,inv_dyn_reward_finetune,988,512,ready,INCONCLUSIVE,reject_or_revise,ladder_auc_psnr_envmax,-50.61827462608562,1166.3253747250485,1115.7071000989629,True,True,0.0,,True,bf74f19829eb27c50227f597eda29d4ce4247013dff29342e288f460d9e322c8,0
acwm-autoloop-screen-push_rope-inv_dyn_reward_finetune-s991-t512-r1,push_rope,inv_dyn_reward_finetune,991,512,ready,INCONCLUSIVE,reject_or_revise,ladder_auc_psnr_envmax,-35.63482703829345,1166.3253747250485,1130.690547686755,True,True,0.0,,True,0ab0e36545496c489f166e3473563e864dcbed83c3062d7ca73037d4b8d2dea5,0
acwm-autoloop-screen-push_rope-latent_motion_prior-s993-t512-r1,push_rope,latent_motion_prior,993,512,ready,INCONCLUSIVE,reject_or_revise,ladder_auc_psnr_envmax,-61.65732549810582,1166.3253747250485,1104.6680492269427,True,True,0.0,,True,a0fc2891b674bcba77aeef3686da3c07ac9435b8a4fba8290f0113b33067d9ba,0
acwm-autoloop-screen-push_rope-latent_motion_prior-s996-t512-r1,push_rope,latent_motion_prior,996,512,ready,INCONCLUSIVE,reject_or_revise,ladder_auc_psnr_envmax,-37.41200136434486,1166.3253747250485,1128.9133733607036,True,True,0.0,,True,ff34766e0d5e867bb4cc68d3215a855a78f8d20365c45d39c05e23c87ad397c7,0
acwm-autoloop-screen-push_rope-mixture_reweight-s2401-t512-r1,push_rope,mixture_reweight,2401,512,ready,INCONCLUSIVE,reject_or_revise,ladder_auc_psnr_envmax,-38.6886289557342,1166.3253747250485,1127.6367457693143,True,True,0.0,,True,e8e1f8ddbe4c2c9224707167580a895c3fe784aa51616e0538f3ef13f016eeb5,0
acwm-autoloop-screen-push_rope-mixture_reweight-s2411-t512-r1,push_rope,mixture_reweight,2411,512,ready,INCONCLUSIVE,reject_or_revise,ladder_auc_psnr_envmax,-36.03372338703571,1166.3253747250485,1130.2916513380128,True,True,0.0,,True,eb56c3ca5ae48d8798ac7e677a71f1940ea428670346f623cb5207121f61ba4b,0
acwm-autoloop-screen-push_rope-mixture_reweight-s2881-t512-r1,push_rope,mixture_reweight,2881,512,ready,INCONCLUSIVE,reject_or_revise,ladder_auc_psnr_envmax,-27.71062568035063,1166.3253747250485,1138.6147490446979,True,True,0.0,,True,a083b87629fa5d85800fa03ac05b60333b49ad7bc6eafef6a6521076b7b8d6fb,0
acwm-autoloop-screen-push_rope-mixture_reweight-s2888-t512-r1,push_rope,mixture_reweight,2888,512,ready,INCONCLUSIVE,reject_or_revise,ladder_auc_psnr_envmax,-45.41916892001291,1166.3253747250485,1120.9062058050356,True,True,0.0,,True,737859adb303246f53c74a91c10cd40041787bf6adecdf4f7ca4dd7516fcb0ea,0
acwm-autoloop-screen-push_rope-mixture_reweight-s2907-t512-r1,push_rope,mixture_reweight,2907,512,ready,INCONCLUSIVE,reject_or_revise,ladder_auc_psnr_envmax,-51.295840423371146,1166.3253747250485,1115.0295343016774,True,True,0.0,,True,ddaa3394238095dcce678095c605535ee324ab9ee532876836ada2554b3a2660,0
acwm-autoloop-screen-push_rope-mixture_reweight-s3113-t512-r1,push_rope,mixture_reweight,3113,512,ready,INCONCLUSIVE,reject_or_revise,ladder_auc_psnr_envmax,-47.83315011063473,1166.3253747250485,1118.4922246144138,True,True,0.0,,True,ea023f92974f718595edbc0af2648395e03421e8c89ecedb366afd774800ca5d,0
acwm-autoloop-screen-push_rope-mixture_reweight-s3114-t512-r1,push_rope,mixture_reweight,3114,512,ready,INCONCLUSIVE,reject_or_revise,ladder_auc_psnr_envmax,-37.6281352684457,1166.3253747250485,1128.6972394566028,True,True,0.0,,True,34ae54bda5572726eaf8b9068280a2a112bceb72a18cc46b16a3842a75643367,0
acwm-autoloop-screen-push_rope-mixture_reweight-s3115-t512-r1,push_rope,mixture_reweight,3115,512,ready,INCONCLUSIVE,reject_or_revise,ladder_auc_psnr_envmax,-34.81120404779381,1166.3253747250485,1131.5141706772547,True,True,0.0,,True,6c6cef25fcc5d6fe3c22f6b64bc6bdbfdcd42b3b0bd34ea5cda7de5381038a7d,0
acwm-autoloop-screen-push_rope-mixture_reweight-s3124-t512-r1,push_rope,mixture_reweight,3124,512,ready,INCONCLUSIVE,reject_or_revise,ladder_auc_psnr_envmax,-23.012647038583737,1166.3253747250485,1143.3127276864648,True,True,0.0,,True,8e281840019273a28b300db81dc7154882a2a640aa1b5bbc7c04ad591a936ee5,0
acwm-autoloop-screen-push_rope-mixture_reweight-s801-t512-r1,push_rope,mixture_reweight,801,512,ready,INCONCLUSIVE,reject_or_revise,ladder_auc_psnr_envmax,-41.02178591994925,1166.3253747250485,1125.3035888050993,True,True,0.0,,True,f3c9e2e90fbbd0333c26898dc5e621fa2d550f5b8f82586d31ec606629807376,0
acwm-autoloop-screen-push_rope-mixture_reweight-s961-t512-r1,push_rope,mixture_reweight,961,512,ready,INCONCLUSIVE,reject_or_revise,ladder_auc_psnr_envmax,-51.938447227064216,1166.3253747250485,1114.3869274979843,True,True,0.0,,True,4b73ecf322ade6c80af4c6983fd3f3f31c493a0727b5c85b8e675be4014092c1,0
acwm-autoloop-screen-push_rope-mixture_reweight-s965-t512-r1,push_rope,mixture_reweight,965,512,ready,INCONCLUSIVE,reject_or_revise,ladder_auc_psnr_envmax,-30.45870983314967,1166.3253747250485,1135.8666648918988,True,True,0.0,,True,730b742df50f6d648900e48a4bbb45d57e5d7c401c371d26a5cb85eafd08f1ec,0
acwm-autoloop-screen-push_rope-mixture_reweight-s970-t512-r1,push_rope,mixture_reweight,970,512,ready,INCONCLUSIVE,reject_or_revise,ladder_auc_psnr_envmax,-54.25569318791645,1166.3253747250485,1112.069681537132,True,True,0.0,,True,a545ef78a637e9968d23e040b21fc1c0db73d534546168ec520619065d5fb3c7,0
acwm-autoloop-screen-push_rope-motion_region_reweight-s2081-t512-r1,push_rope,motion_region_reweight,2081,512,ready,INCONCLUSIVE,reject_or_revise,ladder_auc_psnr_envmax,-43.11741907955934,1166.3253747250485,1123.2079556454892,True,True,0.0,,True,d1361ac409a84a3e2f586103749cac9db438c6e5abab08ebdfaed0a6eff6d0aa,0
acwm-autoloop-screen-push_rope-motion_region_reweight-s2084-t512-r1,push_rope,motion_region_reweight,2084,512,ready,INCONCLUSIVE,reject_or_revise,ladder_auc_psnr_envmax,-37.53641955094986,1166.3253747250485,1128.7889551740986,True,True,0.0,,True,2d936212622d3bd79b276ceb67aa43e5f287586e5c4292909f0a4f73bf46c16d,0
acwm-autoloop-screen-push_rope-motion_region_reweight-s2087-t512-r1,push_rope,motion_region_reweight,2087,512,ready,INCONCLUSIVE,reject_or_revise,ladder_auc_psnr_envmax,-53.0191666493472,1166.3253747250485,1113.3062080757013,True,True,0.0,,True,ae569652170c4b73eea83796332b7a6152b07e90187f54a900257163f788abf5,0
acwm-autoloop-screen-push_rope-motion_region_reweight-s2504-t512-r1,push_rope,motion_region_reweight,2504,512,ready,INCONCLUSIVE,reject_or_revise,ladder_auc_psnr_envmax,-37.26776655216736,1166.3253747250485,1129.0576081728811,True,True,0.0,,True,51e4e31da8781c5091dda035e1ae6bbc2b838f8455c2b9988ab9b499c69698eb,0
acwm-autoloop-screen-push_rope-motion_region_reweight-s2505-t512-r1,push_rope,motion_region_reweight,2505,512,ready,INCONCLUSIVE,reject_or_revise,ladder_auc_psnr_envmax,-56.84542294257949,1166.3253747250485,1109.479951782469,True,True,0.0,,True,4d1ac2d49f908f7d68699856ebd108cf5a00b8352299a0beafde321a5b21bf09,0
acwm-autoloop-screen-push_rope-motion_region_reweight-s2880-t512-r1,push_rope,motion_region_reweight,2880,512,ready,INCONCLUSIVE,reject_or_revise,ladder_auc_psnr_envmax,-80.16611228226225,1166.3253747250485,1086.1592624427863,True,True,0.0,,True,8e119b522703b51917a2d1bb83da074e9a49298410bf011ba23f15ea5103c256,0
acwm-autoloop-screen-push_rope-motion_region_reweight-s2884-t512-r1,push_rope,motion_region_reweight,2884,512,ready,INCONCLUSIVE,reject_or_revise,ladder_auc_psnr_envmax,-46.776897947736416,1166.3253747250485,1119.548476777312,True,True,0.0,,True,266c1895fbd609104e23a37eee0abadff6e43eed88980a28024bc3fdb5a63bde,0
acwm-autoloop-screen-push_rope-motion_region_reweight-s2897-t512-r1,push_rope,motion_region_reweight,2897,512,ready,INCONCLUSIVE,reject_or_revise,ladder_auc_psnr_envmax,-42.912151369687535,1166.3253747250485,1123.413223355361,True,True,0.0,,True,23e7c8fc98d529feb4b239da10d5d335f0b520f21202f6bb41a244ab8d79a76a,0
acwm-autoloop-screen-push_rope-motion_region_reweight-s2944-t512-r1,push_rope,motion_region_reweight,2944,512,ready,INCONCLUSIVE,reject_or_revise,ladder_auc_psnr_envmax,-40.60622796375105,1166.3253747250485,1125.7191467612975,True,True,0.0,,True,1a0d1299d584caef410754a0b125ec1c2af7be12a0d2dde6057e1436aea555e5,0
acwm-autoloop-screen-push_rope-motion_region_reweight-s3119-t512-r1,push_rope,motion_region_reweight,3119,512,ready,INCONCLUSIVE,reject_or_revise,ladder_auc_psnr_envmax,-54.02711605941636,1166.3253747250485,1112.2982586656321,True,True,0.0,,True,9b27cf0e656fced95da37e7568972bd1539071bf50e4ac71f83b753adba58468,0
acwm-autoloop-screen-push_rope-motion_region_reweight-s3120-t512-r1,push_rope,motion_region_reweight,3120,512,ready,INCONCLUSIVE,reject_or_revise,ladder_auc_psnr_envmax,-44.905436683946164,1166.3253747250485,1121.4199380411023,True,True,0.0,,True,caaf7dc9af07ea6a2766f457f12b8dd5b2af265d7c5d746970db8821229c8ce9,0
acwm-autoloop-screen-push_rope-motion_region_reweight-s3121-t512-r1,push_rope,motion_region_reweight,3121,512,ready,INCONCLUSIVE,reject_or_revise,ladder_auc_psnr_envmax,-35.7252401958699,1166.3253747250485,1130.6001345291786,True,True,0.0,,True,b21a14914f745296b581ab0c8fa75780ee2ec1faf9298aee1a25818452b16a75,0
acwm-autoloop-screen-push_rope-motion_region_reweight-s3122-t512-r1,push_rope,motion_region_reweight,3122,512,ready,INCONCLUSIVE,reject_or_revise,ladder_auc_psnr_envmax,-42.70678329597581,1166.3253747250485,1123.6185914290727,True,True,0.0,,True,18c2de27c7539f94fd64233d87d00fd5316534fbdc564f9c6f57ecfe067e43a5,0
acwm-autoloop-screen-push_rope-motion_region_reweight-s3123-t512-r1,push_rope,motion_region_reweight,3123,512,ready,INCONCLUSIVE,reject_or_revise,ladder_auc_psnr_envmax,-63.32247515879362,1166.3253747250485,1103.0028995662549,True,True,0.0,,True,e4bc081963ac7b3415de052a8cf5a6918285ed9121b9bf8851956e126f929410,0
acwm-autoloop-screen-push_rope-next_forcing-s2858-t512-r1,push_rope,next_forcing,2858,512,ready,INCONCLUSIVE,reject_or_revise,ladder_auc_psnr_envmax,-46.93850303520708,1166.3253747250485,1119.3868716898414,True,True,0.0,,True,33ebba1743e9d0b838fa939adeb7858b690a88cf1a940ffdc3e4a6824f5b3a2d,0
acwm-autoloop-screen-push_rope-next_forcing-s2859-t512-r1,push_rope,next_forcing,2859,512,ready,INCONCLUSIVE,reject_or_revise,ladder_auc_psnr_envmax,-19.48644543623209,1166.3253747250485,1146.8389292888164,True,True,0.0,,True,8eb2a9b9c33f8556795041367c8c88651a5238694e3747be374c13e9ceec46d9,0
acwm-autoloop-screen-push_rope-next_forcing-s3067-t512-r1,push_rope,next_forcing,3067,512,ready,INCONCLUSIVE,reject_or_revise,ladder_auc_psnr_envmax,-26.15327047544588,1166.3253747250485,1140.1721042496026,True,True,0.0,,True,001e3d258e063bd45be51ed60fda60ed4cd7f695823da172159c89133d5eeaad,0
acwm-autoloop-screen-push_rope-next_forcing-s3110-t512-r1,push_rope,next_forcing,3110,512,ready,INCONCLUSIVE,reject_or_revise,ladder_auc_psnr_envmax,-37.82652212805101,1166.3253747250485,1128.4988525969975,True,True,0.0,,True,deecf37d84176e1e7a77ef7a840436ad758512b34e535780be7a0bd9503116bb,0
acwm-autoloop-screen-push_rope-next_forcing-s811-t512-r1,push_rope,next_forcing,811,512,ready,INCONCLUSIVE,reject_or_revise,ladder_auc_psnr_envmax,-35.457072834125256,1166.3253747250485,1130.8683018909232,True,True,0.0,,True,f74283bcc8ac2c0e8ada4880248c236eeca95e57d691fc326d34488edc52763c,0
acwm-autoloop-screen-push_rope-next_forcing-s975-t512-r1,push_rope,next_forcing,975,512,ready,INCONCLUSIVE,reject_or_revise,ladder_auc_psnr_envmax,-35.68889651824611,1166.3253747250485,1130.6364782068024,True,True,0.0,,True,b2593032581b5a13b94f1b61371f33349b56c4167a60b0918974d0a7492e85f2,0
acwm-autoloop-screen-push_rope-next_forcing-s979-t512-r1,push_rope,next_forcing,979,512,ready,INCONCLUSIVE,reject_or_revise,ladder_auc_psnr_envmax,-33.366575696720474,1166.3253747250485,1132.958799028328,True,True,0.0,,True,4165dec104f6104e4611be4e856fda4b72c91a212d15d638deaa82c43a256200,0
acwm-autoloop-screen-push_rope-self_forcing_finetune-s2839-t512-r1,push_rope,self_forcing_finetune,2839,512,ready,INCONCLUSIVE,reject_or_revise,ladder_auc_psnr_envmax,-41.44856223863576,1166.3253747250485,1124.8768124864127,True,True,0.0,,True,b3d49625b9075e311f2f6ddd4d612e9e7e5c47ef4d8a12ca077ec8d586195a97,0
acwm-autoloop-screen-push_rope-self_forcing_finetune-s2841-t512-r1,push_rope,self_forcing_finetune,2841,512,ready,INCONCLUSIVE,reject_or_revise,ladder_auc_psnr_envmax,-41.40380115973562,1166.3253747250485,1124.9215735653129,True,True,0.0,,True,adafdaa0c3efc8e8189e9ef77702ccbc78685a246abc8645bfa36ad4a38ab198,0
acwm-autoloop-screen-push_rope-self_forcing_finetune-s3007-t512-r1,push_rope,self_forcing_finetune,3007,512,ready,INCONCLUSIVE,reject_or_revise,ladder_auc_psnr_envmax,-23.36482379501058,1166.3253747250485,1142.960550930038,True,True,0.0,,True,c8fdadcca3a7dbbb6b5e8e50694a149d216092159bd18f3cf25bd3c4094bbaf0,0
acwm-autoloop-screen-push_rope-self_forcing_finetune-s3043-t512-r1,push_rope,self_forcing_finetune,3043,512,ready,INCONCLUSIVE,reject_or_revise,ladder_auc_psnr_envmax,-27.21409133190741,1166.3253747250485,1139.111283393141,True,True,0.0,100512,True,a0015520235e99132ed87769c05db97dd8f27932245dbfc0fba94b97ea212fb6,0
acwm-autoloop-screen-push_rope-self_forcing_finetune-s3045-t512-r1,push_rope,self_forcing_finetune,3045,512,ready,INCONCLUSIVE,reject_or_revise,ladder_auc_psnr_envmax,-17.173923084372518,1166.3253747250485,1149.151451640676,True,True,0.0,,True,c84f68edc8cca7fa22c2b4404e8579adaf4036f1dae9f776ccb28b36b3745245,0
acwm-autoloop-screen-push_rope-self_forcing_finetune-s874-t512-r1,push_rope,self_forcing_finetune,874,512,ready,INCONCLUSIVE,reject_or_revise,ladder_auc_psnr_envmax,-14.276204910437627,1166.3253747250485,1152.0491698146109,True,True,0.0,,True,6f95744f9857d5a45fea6a0001c6585994203ceae2210ad666dacfa580197d3e,0
acwm-autoloop-screen-push_rope-self_forcing_finetune-s982-t512-r1,push_rope,self_forcing_finetune,982,512,ready,INCONCLUSIVE,reject_or_revise,ladder_auc_psnr_envmax,-38.56000245004748,1166.3253747250485,1127.765372275001,True,True,0.0,,True,91791cc1b1d536ec9c2e22a6c435c0e1a175305945db83b73b6e38ad2c7dfce3,0
acwm-autoloop-screen-push_rope-self_forcing_finetune-s985-t512-r1,push_rope,self_forcing_finetune,985,512,ready,INCONCLUSIVE,reject_or_revise,ladder_auc_psnr_envmax,-27.42054738526508,1166.3253747250485,1138.9048273397834,True,True,0.0,,True,a844a6e81a8efcae4a46a8592586080ce92f7e57ee8479042f5114bb28a297ff,0
acwm-autoloop-screen-push_rope-wmsd_self_distill-s2056-t512-r1,push_rope,wmsd_self_distill,2056,512,ready,INCONCLUSIVE,reject_or_revise,ladder_auc_psnr_envmax,-37.89254064536635,1166.3253747250485,1128.4328340796822,True,True,0.0,,True,0d9d88c947db29a828ccd076d869b537bd96581fb0ffe6fe613613e2789fe854,0
acwm-autoloop-screen-push_rope-wmsd_self_distill-s2078-t512-r1,push_rope,wmsd_self_distill,2078,512,ready,INCONCLUSIVE,reject_or_revise,ladder_auc_psnr_envmax,-51.92522706089608,1166.3253747250485,1114.4001476641524,True,True,0.0,,True,f2851a2e2f7dea6cef1380539da069791e2387eb36e7e302b3cb61916adf9c37,0
acwm-autoloop-screen-push_rope-wmsd_self_distill-s2851-t512-r1,push_rope,wmsd_self_distill,2851,512,ready,INCONCLUSIVE,reject_or_revise,ladder_auc_psnr_envmax,-24.114823797962117,1166.3253747250485,1142.2105509270864,True,True,0.0,,True,a5269c7dec0865dc5e2a1d038bc03741fdfa2380da55f0b366abafb2700128b2,0
acwm-autoloop-screen-push_rope-wmsd_self_distill-s2872-t512-r1,push_rope,wmsd_self_distill,2872,512,ready,INCONCLUSIVE,reject_or_revise,ladder_auc_psnr_envmax,-33.75111320068277,1166.3253747250485,1132.5742615243657,True,True,0.0,,True,3b9666d56f25ca8b6c1ca268dac0bc514a1b1cd62332140898abefdd718955c7,0
acwm-autoloop-screen-push_rope-wmsd_self_distill-s3065-t512-r1,push_rope,wmsd_self_distill,3065,512,ready,INCONCLUSIVE,reject_or_revise,ladder_auc_psnr_envmax,-20.804987569101286,1166.3253747250485,1145.5203871559472,True,True,0.0,,True,c63f81ddcdc5c0bd5852f3e783a8d041bb59b387dcd6855eff4055ade188f5f7,0
acwm-autoloop-screen-push_rope-wmsd_self_distill-s3109-t512-r1,push_rope,wmsd_self_distill,3109,512,ready,INCONCLUSIVE,reject_or_revise,ladder_auc_psnr_envmax,-41.520362042974966,1166.3253747250485,1124.8050126820735,True,True,0.0,,True,6c31e38c58d167dd4d931c4e2f75efeb1fc31e77a1dda0de2ae2ae8b16337040,0
acwm-autoloop-screen-push_sand-action_contrastive_finetune-s2878-t512-r1,push_sand,action_contrastive_finetune,2878,512,ready,INCONCLUSIVE,reject_or_revise,ladder_auc_psnr_envmax,-67.3763221392428,1092.4410073926,1025.0646852533573,True,True,0.0,,True,e75fbefb22d92f34a76317004d9a7196af8c003fc4425f2c473eba06a5f8614f,0
acwm-autoloop-screen-push_sand-action_contrastive_finetune-s2906-t512-r1,push_sand,action_contrastive_finetune,2906,512,ready,INCONCLUSIVE,reject_or_revise,ladder_auc_psnr_envmax,-58.30326603534627,1092.4410073926,1034.1377413572538,True,True,0.0,,True,2367633bc541b7e1bae22d9c008bd739501f6d65b2c015960aed0908b2b717f9,0
acwm-autoloop-screen-push_sand-action_contrastive_finetune-s3106-t512-r1,push_sand,action_contrastive_finetune,3106,512,ready,INCONCLUSIVE,reject_or_revise,ladder_auc_psnr_envmax,-47.85519353707923,1092.4410073926,1044.5858138555209,True,True,0.0,,True,2191c0ddc76b87b1ce481c3e461719270bfaf30339295f7c26c54844f5a0c259,0
acwm-autoloop-screen-push_sand-action_dimension_balancing-s2879-t512-r1,push_sand,action_dimension_balancing,2879,512,ready,INCONCLUSIVE,reject_or_revise,ladder_auc_psnr_envmax,-145.26216447827824,1092.4410073926,947.1788429143219,True,True,0.0,,True,932d184f223fb97462863228693798ccaa9cf84cbf01fe01c0ae181e938aa814,0
acwm-autoloop-screen-push_sand-action_dimension_balancing-s2941-t512-r1,push_sand,action_dimension_balancing,2941,512,ready,INCONCLUSIVE,reject_or_revise,ladder_auc_psnr_envmax,-128.14867234466544,1092.4410073926,964.2923350479347,True,True,0.0,,True,203ee17af43e63ef18914cd0ba21bb2da8712392b51ba770b89aca1d7e1f69f7,0
acwm-autoloop-screen-push_sand-cfg_guidance_schedule-s915-t512-r1,push_sand,cfg_guidance_schedule,915,512,ready,INCONCLUSIVE,reject_or_revise,ladder_auc_psnr_envmax,-60.46402867290112,1092.4410073926,1031.976978719699,True,True,0.0,,True,9a26a90cd3703881931a78975f165137a3cebec6dcbd10ded160cbd4a6cc95b7,0
acwm-autoloop-screen-push_sand-dino_rep_injection-s2886-t512-r1,push_sand,dino_rep_injection,2886,512,ready,INCONCLUSIVE,reject_or_revise,ladder_auc_psnr_envmax,-96.59020214831298,1092.4410073926,995.8508052442871,True,True,0.0,,True,a5525372d9224282fd6da78ddc7d2491661cd7e0d884bc468afaa972e1fb18d2,0
acwm-autoloop-screen-push_sand-dino_rep_injection-s3062-t512-r1,push_sand,dino_rep_injection,3062,512,ready,INCONCLUSIVE,reject_or_revise,ladder_auc_psnr_envmax,-88.12164473840562,1092.4410073926,1004.3193626541945,True,True,0.0,,True,ebb4fe4ecec7d3c1cd8081f6a4099e3163befa8c0fec0790dd54bf436d7c5e28,0
acwm-autoloop-screen-push_sand-dino_rep_injection-s918-t512-r1,push_sand,dino_rep_injection,918,512,ready,INCONCLUSIVE,reject_or_revise,ladder_auc_psnr_envmax,-49.13648021557492,1092.4410073926,1043.3045271770252,True,True,0.0,,True,a6935bbfd6b404eb222d635988b8fe7f0251a72776dfc59e05d612e290cb264c,0
acwm-autoloop-screen-push_sand-inv_dyn_reward_finetune-s2881-t512-r1,push_sand,inv_dyn_reward_finetune,2881,512,ready,INCONCLUSIVE,reject_or_revise,ladder_auc_psnr_envmax,-29.653679691620482,1092.4410073926,1062.7873277009796,True,True,0.0,,True,e9e83d5e90bc12608b2be483b4a9f74a985f7bf6a7a77b6540ffd25bf9496352,0
acwm-autoloop-screen-push_sand-inv_dyn_reward_finetune-s3044-t512-r1,push_sand,inv_dyn_reward_finetune,3044,512,ready,INCONCLUSIVE,reject_or_revise,ladder_auc_psnr_envmax,-72.09552838936759,1092.4410073926,1020.3454790032325,True,True,0.0,,True,1b9dc13727f12ba9f36b684e485ccca93c6e5f8e331216477b27c2bd9f5276a2,0
acwm-autoloop-screen-push_sand-inv_dyn_reward_finetune-s3045-t512-r1,push_sand,inv_dyn_reward_finetune,3045,512,ready,INCONCLUSIVE,reject_or_revise,ladder_auc_psnr_envmax,-33.21216920170514,1092.4410073926,1059.228838190895,True,True,0.0,,True,c38341fbae80ba1a4847a2155c3f430a3265dae0bb45d1d01175cf7327a5eef0,0
acwm-autoloop-screen-push_sand-mixture_reweight-s3047-t512-r1,push_sand,mixture_reweight,3047,512,ready,INCONCLUSIVE,reject_or_revise,ladder_auc_psnr_envmax,-66.76826289310884,1092.4410073926,1025.6727444994913,True,True,0.0,,True,db0e51088f951566f73bb0b20209e96d1b6514bd38888356f1baebb26d3c3306,0
acwm-autoloop-screen-push_sand-mixture_reweight-s3049-t512-r1,push_sand,mixture_reweight,3049,512,ready,INCONCLUSIVE,reject_or_revise,ladder_auc_psnr_envmax,-108.22556007679623,1092.4410073926,984.2154473158039,True,True,0.0,,True,13e0ed1059a154810797e9d272d94f5a89ff8206d60fbb373b4cf75d0b72c41f,0
acwm-autoloop-screen-push_sand-mixture_reweight-s801-t512-r1,push_sand,mixture_reweight,801,512,ready,INCONCLUSIVE,reject_or_revise,ladder_auc_psnr_envmax,-3.324118189837918,1092.4410073926,1089.1168892027622,True,True,0.0,,True,808437b3e395c186e8fd696bc982c203fdc013a021cd7a803ca24b5105b57e59,0
acwm-autoloop-screen-push_sand-mixture_reweight-s972-t512-r1,push_sand,mixture_reweight,972,512,ready,INCONCLUSIVE,reject_or_revise,ladder_auc_psnr_envmax,-62.21167542527792,1092.4410073926,1030.2293319673222,True,True,0.0,,True,f1964a0f4cf6a497e27584ec6cba6f9a0bbf590ea624983472bf4c3fb2c6dff0,0
acwm-autoloop-screen-push_sand-motion_region_reweight-s2876-t512-r1,push_sand,motion_region_reweight,2876,512,ready,INCONCLUSIVE,reject_or_revise,ladder_auc_psnr_envmax,-103.607668590868,1092.4410073926,988.8333388017321,True,True,0.0,,True,2b09573d7fc5e92783f744a91996adee4956bc32cff11295479d24c07c258b47,0
acwm-autoloop-screen-push_sand-motion_region_reweight-s2896-t512-r1,push_sand,motion_region_reweight,2896,512,ready,INCONCLUSIVE,reject_or_revise,ladder_auc_psnr_envmax,-87.09369884728983,1092.4410073926,1005.3473085453103,True,True,0.0,,True,38da603b8f3a38dbe3875e7363a67e8d435d61233df1d4e9e0573d3f334741a3,0
acwm-autoloop-screen-push_sand-motion_region_reweight-s3066-t512-r1,push_sand,motion_region_reweight,3066,512,ready,INCONCLUSIVE,reject_or_revise,ladder_auc_psnr_envmax,-71.52046791657222,1092.4410073926,1020.9205394760279,True,True,0.0,,True,78b70f2874db5c82e9cc9f3439cda75be0eabed93159b84796de40bca0b6c7b4,0
acwm-autoloop-screen-push_sand-next_forcing-s2875-t512-r1,push_sand,next_forcing,2875,512,ready,INCONCLUSIVE,reject_or_revise,ladder_auc_psnr_envmax,-53.07724116033023,1092.4410073926,1039.3637662322699,True,True,0.0,,True,fe7c72fd38a585489c30da3529f55f9aa039e0972f35f3ce8372a39de7bcbc3c,0
acwm-autoloop-screen-push_sand-next_forcing-s2889-t512-r1,push_sand,next_forcing,2889,512,ready,INCONCLUSIVE,reject_or_revise,ladder_auc_psnr_envmax,-13.407688517823317,1092.4410073926,1079.0333188747768,True,True,0.0,,True,58a7ed8f1702ee523ac14b127dde13241bfe60a1edfdeb93d7affd8cc043ee19,0
acwm-autoloop-screen-push_sand-next_forcing-s3064-t512-r1,push_sand,next_forcing,3064,512,ready,INCONCLUSIVE,reject_or_revise,ladder_auc_psnr_envmax,-30.279547033751214,1092.4410073926,1062.161460358849,True,True,0.0,,True,ac64c14841aea7cad1841a69f5db52f32d39bcb6c987d3b6c024bbd606d9f633,0
acwm-autoloop-screen-push_sand-self_forcing_finetune-s2863-t512-r1,push_sand,self_forcing_finetune,2863,512,ready,INCONCLUSIVE,reject_or_revise,ladder_auc_psnr_envmax,-84.50507453547107,1092.4410073926,1007.935932857129,True,True,0.0,,True,40790738fd18e6b7bbd2e89b74a4c82f445c2b98dd1078b662c157a62f8376dc,0
acwm-autoloop-screen-push_sand-self_forcing_finetune-s2871-t512-r1,push_sand,self_forcing_finetune,2871,512,ready,INCONCLUSIVE,reject_or_revise,ladder_auc_psnr_envmax,-71.02721143410804,1092.4410073926,1021.4137959584921,True,True,0.0,,True,64def45f8ccc8c549484571d01b55130ebac4e43cf4adf2a5efc1fbfaa78bdfb,0
acwm-autoloop-screen-push_sand-self_forcing_finetune-s2873-t512-r1,push_sand,self_forcing_finetune,2873,512,ready,INCONCLUSIVE,reject_or_revise,ladder_auc_psnr_envmax,-91.33590281459874,1092.4410073926,1001.1051045780014,True,True,0.0,,True,46e06431bce3eeff260b03ddbec3a30108e282850b1dd86603975447aa1744e5,0
acwm-autoloop-screen-push_sand-self_forcing_finetune-s3004-t512-r1,push_sand,self_forcing_finetune,3004,512,ready,INCONCLUSIVE,reject_or_revise,ladder_auc_psnr_envmax,-85.02048439983355,1092.4410073926,1007.4205229927666,True,True,0.0,,True,e5e2ed865399be31a88216050b0568acddbee1e5ee64333eb5945c26d587a33c,0
acwm-autoloop-screen-push_sand-self_forcing_finetune-s3042-t512-r1,push_sand,self_forcing_finetune,3042,512,ready,INCONCLUSIVE,reject_or_revise,ladder_auc_psnr_envmax,-35.44136904749871,1092.4410073926,1056.9996383451014,True,True,0.0,100512,True,c91c5f8b29e94ca20cb9eb62b6affcaa9a125c48ee684f90ea096eca6a064c67,0
acwm-autoloop-screen-push_sand-wmsd_self_distill-s2882-t512-r1,push_sand,wmsd_self_distill,2882,512,ready,INCONCLUSIVE,reject_or_revise,ladder_auc_psnr_envmax,-67.01380764651049,1092.4410073926,1025.4271997460896,True,True,0.0,,True,64c9e682fe224fcc18a4a59bb79e59c782479bf97a731a9da0967838d0026569,0
acwm-autoloop-screen-push_sand-wmsd_self_distill-s2885-t512-r1,push_sand,wmsd_self_distill,2885,512,ready,INCONCLUSIVE,reject_or_revise,ladder_auc_psnr_envmax,-77.15112154540111,1092.4410073926,1015.289885847199,True,True,0.0,,True,9fd15e7825c185e5be000c54792c3a6cb5fc77890fb880a11315cae5f407155f,0
acwm-autoloop-screen-push_sand-wmsd_self_distill-s3102-t512-r1,push_sand,wmsd_self_distill,3102,512,ready,INCONCLUSIVE,reject_or_revise,ladder_auc_psnr_envmax,-79.19189750387648,1092.4410073926,1013.2491098887236,True,True,0.0,,True,905de7df061cef22289d4f95f672949d457a8227a632ee1091b219e6e953bc7a,0
acwm-autoloop-screen-push_sand-wmsd_self_distill-s3103-t512-r1,push_sand,wmsd_self_distill,3103,512,ready,INCONCLUSIVE,reject_or_revise,ladder_auc_psnr_envmax,-53.07383665854718,1092.4410073926,1039.367170734053,True,True,0.0,,True,d2a92a0bf94a63e37bc634e4b4bc87cd2ee86f7d4cf5380471510044aa38ca16,0
acwm-autoloop-screen-reacher-action_contrastive_finetune-s2000-t512-r1,reacher,action_contrastive_finetune,2000,512,ready,INCONCLUSIVE,promote_to_confirmation,ladder_auc_psnr_envmax,51.12767316105487,483.59170723051625,534.7193803915711,True,True,0.0,,True,6790c3ad6d0bb446136d05457873c7292a1cd973fd3fc1c1aa79eb003f8edec2,0
acwm-autoloop-screen-reacher-action_contrastive_finetune-s2001-t512-r1,reacher,action_contrastive_finetune,2001,512,ready,INCONCLUSIVE,promote_to_confirmation,ladder_auc_psnr_envmax,42.472460955527254,483.59170723051625,526.0641681860435,True,True,0.0,,True,f74f691e43fbb466f068d1df540591d4a5e2fa8ca5aa5b5f6223835c33cfa3fc,0
acwm-autoloop-screen-reacher-action_contrastive_finetune-s2002-t512-r1,reacher,action_contrastive_finetune,2002,512,ready,INCONCLUSIVE,promote_to_confirmation,ladder_auc_psnr_envmax,30.89211042035504,483.59170723051625,514.4838176508713,True,True,0.0,,True,49f46b87c33dcf41b2bb1f0a8427db5ab42e2e5a6866cdcb3f993106848b9df4,0
acwm-autoloop-screen-reacher-action_contrastive_finetune-s2400-t512-r1,reacher,action_contrastive_finetune,2400,512,ready,INCONCLUSIVE,promote_to_confirmation,ladder_auc_psnr_envmax,42.236797218310585,483.59170723051625,525.8285044488268,True,True,0.0,,True,c676ca0b6db9b7906712166eaf7fd9a9b3d82a2223bf1b59328473cd07dbb152,0
acwm-autoloop-screen-reacher-action_contrastive_finetune-s2402-t512-r1,reacher,action_contrastive_finetune,2402,512,ready,INCONCLUSIVE,promote_to_confirmation,ladder_auc_psnr_envmax,20.906214868451798,483.59170723051625,504.49792209896805,True,True,0.0,,True,f8cf4995f54ec68abde9522cc82b934db3491ffc8959798654e7364fe832f2d6,0
acwm-autoloop-screen-reacher-action_contrastive_finetune-s2500-t512-r1,reacher,action_contrastive_finetune,2500,512,ready,INCONCLUSIVE,promote_to_confirmation,ladder_auc_psnr_envmax,27.50271279216247,483.59170723051625,511.0944200226787,True,True,0.0,,True,20877c41122fbe28ccec98b3f6d2deb69a2667e93351614652a11d81f3b7ac66,0
acwm-autoloop-screen-reacher-action_contrastive_finetune-s2853-t512-r1,reacher,action_contrastive_finetune,2853,512,ready,INCONCLUSIVE,promote_to_confirmation,ladder_auc_psnr_envmax,45.25464106715867,483.59170723051625,528.8463482976749,True,True,0.0,,True,cfb2cc2c7094c03b6902acb3925dba2e4a6be3d64f924e0fb7a3f21a67f0c590,0
acwm-autoloop-screen-reacher-action_dimension_balancing-s2833-t512-r1,reacher,action_dimension_balancing,2833,512,ready,INCONCLUSIVE,promote_to_confirmation,ladder_auc_psnr_envmax,35.427009173898,483.59170723051625,519.0187164044142,True,True,0.0,,True,4178849072697ddc4f9a6499e6853e9f5bc4b6efe9630ec562bb89d11d2b88fc,0
acwm-autoloop-screen-reacher-action_dimension_balancing-s2835-t512-r1,reacher,action_dimension_balancing,2835,512,ready,INCONCLUSIVE,promote_to_confirmation,ladder_auc_psnr_envmax,29.46363598973926,483.59170723051625,513.0553432202555,True,True,0.0,,True,c40bb46a8367e165f47cd595b46a19c8f396c8d3880d05a1d254b1e1e3244c98,0
acwm-autoloop-screen-reacher-action_dimension_balancing-s2837-t512-r1,reacher,action_dimension_balancing,2837,512,ready,INCONCLUSIVE,promote_to_confirmation,ladder_auc_psnr_envmax,35.65772639013517,483.59170723051625,519.2494336206514,True,True,0.0,,True,f25d0fc13ef2af78e4e94eb70280ff7fb4d35bb1dfbfd6e002314df6861a7e48,0
acwm-autoloop-screen-reacher-action_dimension_balancing-s2845-t512-r1,reacher,action_dimension_balancing,2845,512,ready,INCONCLUSIVE,promote_to_confirmation,ladder_auc_psnr_envmax,36.34394351556125,483.59170723051625,519.9356507460775,True,True,0.0,,True,846f4a6043a227d6175ff643302482b5dc12027d840aec3ca291a9e4b1113f84,0
acwm-autoloop-screen-reacher-cfg_guidance_schedule-s911-t512-r1,reacher,cfg_guidance_schedule,911,512,ready,INCONCLUSIVE,promote_to_confirmation,ladder_auc_psnr_envmax,35.76334926768459,483.59170723051625,519.3550564982008,True,True,0.0,,True,16dd81ec179884d96bd80dfc87f7a473eaa9249875a0469944a55fa2876dc5bc,0
acwm-autoloop-screen-reacher-inv_dyn_reward_finetune-s2817-t512-r1,reacher,inv_dyn_reward_finetune,2817,512,ready,INCONCLUSIVE,promote_to_confirmation,ladder_auc_psnr_envmax,37.715993034263875,483.59170723051625,521.3077002647801,True,True,0.0,,True,321737bd9ebd2ead2322dfb1905827764d99f245d39c9139c2f0a3458ea84001,0
acwm-autoloop-screen-reacher-inv_dyn_reward_finetune-s2847-t512-r1,reacher,inv_dyn_reward_finetune,2847,512,ready,INCONCLUSIVE,promote_to_confirmation,ladder_auc_psnr_envmax,29.40814607983532,483.59170723051625,512.9998533103516,True,True,0.0,,True,7058cf324f6b95412f90f865ee5cd969881b0d4f99d1e9bed0e29193ec7bb5ef,0
acwm-autoloop-screen-reacher-inv_dyn_reward_finetune-s2848-t512-r1,reacher,inv_dyn_reward_finetune,2848,512,ready,INCONCLUSIVE,promote_to_confirmation,ladder_auc_psnr_envmax,26.06032996795153,483.59170723051625,509.6520371984678,True,True,0.0,,True,0f0fcade9e85a4c6e9da2b4fcee3b4c47225fef2c77f08e4aa4307f52db6b928,0
acwm-autoloop-screen-reacher-inv_dyn_reward_finetune-s852-t512-r1,reacher,inv_dyn_reward_finetune,852,512,ready,INCONCLUSIVE,promote_to_confirmation,ladder_auc_psnr_envmax,41.441278200504144,483.59170723051625,525.0329854310204,True,True,0.0,,True,2c931352c8813a65e6053f922a4303168f768539fe179da14575cb8070e4989f,0
acwm-autoloop-screen-reacher-inv_dyn_reward_finetune-s950-t512-r1,reacher,inv_dyn_reward_finetune,950,512,ready,INCONCLUSIVE,promote_to_confirmation,ladder_auc_psnr_envmax,21.942100606453153,483.59170723051625,505.5338078369694,True,True,0.0,,True,2cd49a766754319461f6b92bf5ccc3c7652b717c313314c9d69aa96b838befc2,0
acwm-autoloop-screen-reacher-latent_motion_prior-s862-t512-r1,reacher,latent_motion_prior,862,512,ready,INCONCLUSIVE,promote_to_confirmation,ladder_auc_psnr_envmax,39.04953040596456,483.59170723051625,522.6412376364808,True,True,0.0,,True,a9719e061589d41ad7c7b4520d45b412117bb744afb0435e91834cbb730e803f,0
acwm-autoloop-screen-reacher-latent_motion_prior-s966-t512-r1,reacher,latent_motion_prior,966,512,ready,INCONCLUSIVE,promote_to_confirmation,ladder_auc_psnr_envmax,19.43725774537171,483.59170723051625,503.02896497588796,True,True,0.0,,True,cdf6e2a1ffbfcc9fc02bc0773af0809d8950bdfb840d518292eab1d662adf315,0
acwm-autoloop-screen-reacher-motion_region_reweight-s2816-t512-r1,reacher,motion_region_reweight,2816,512,ready,INCONCLUSIVE,promote_to_confirmation,ladder_auc_psnr_envmax,36.78707879943852,483.59170723051625,520.3787860299548,True,True,0.0,,True,012fbf577e142dbb7d3fa8e94decbc130f0f92ffedd2eada94dc56ae84138d02,0
acwm-autoloop-screen-reacher-motion_region_reweight-s2820-t512-r1,reacher,motion_region_reweight,2820,512,ready,INCONCLUSIVE,promote_to_confirmation,ladder_auc_psnr_envmax,40.145969469093416,483.59170723051625,523.7376766996097,True,True,0.0,,True,669e007ea06ff19868f0da8f3891bfce94354cc5947c6a1187833bbfcf197afb,0
acwm-autoloop-screen-reacher-motion_region_reweight-s2824-t512-r1,reacher,motion_region_reweight,2824,512,ready,INCONCLUSIVE,promote_to_confirmation,ladder_auc_psnr_envmax,23.259785302525643,483.59170723051625,506.8514925330419,True,True,0.0,,True,5da202867c982f2904b03c6092b10e100bffefd873ef612b71139008aa19955b,0
acwm-autoloop-screen-reacher-motion_region_reweight-s2824-t512-r1-retry2,reacher,motion_region_reweight,2824,512,ready,INCONCLUSIVE,promote_to_confirmation,ladder_auc_psnr_envmax,45.113669760493394,483.59170723051625,528.7053769910096,True,True,0.0,,True,0acaed8e3343af8c1e7b8011cc2df50a0f725892df11eaede933cc57dac49ace,0
acwm-autoloop-screen-reacher-motion_region_reweight-s2827-t512-r1,reacher,motion_region_reweight,2827,512,ready,INCONCLUSIVE,promote_to_confirmation,ladder_auc_psnr_envmax,27.883165910641537,483.59170723051625,511.4748731411578,True,True,0.0,,True,e2ed3fb29726ae730baa54523ecaaa42fe617f811d94240ce659f3559b6f9aae,0
acwm-autoloop-screen-reacher-motion_region_reweight-s2850-t512-r1,reacher,motion_region_reweight,2850,512,ready,INCONCLUSIVE,promote_to_confirmation,ladder_auc_psnr_envmax,38.12122773753936,483.59170723051625,521.7129349680556,True,True,0.0,,True,bb610f951fe1ab2860ac145cf5e9f1e641724c6602b74bcab326c9db1002ad18,0
acwm-autoloop-screen-reacher-motion_region_reweight-s2852-t512-r1,reacher,motion_region_reweight,2852,512,ready,INCONCLUSIVE,promote_to_confirmation,ladder_auc_psnr_envmax,33.15118681568083,483.59170723051625,516.7428940461971,True,True,0.0,,True,ef93d494101823f92395d715e07217d3c81e4cb35c8ed9255143b3b402df19ca,0
acwm-autoloop-screen-reacher-next_forcing-s2818-t512-r1,reacher,next_forcing,2818,512,ready,INCONCLUSIVE,promote_to_confirmation,ladder_auc_psnr_envmax,37.042484434529115,483.59170723051625,520.6341916650454,True,True,0.0,,True,8ac41fb5903247fc1cb99c5dc4230aa2a27bee965574f59fa1b3de1ee74f8b65,0
acwm-autoloop-screen-reacher-next_forcing-s2819-t512-r1,reacher,next_forcing,2819,512,ready,INCONCLUSIVE,promote_to_confirmation,ladder_auc_psnr_envmax,39.1585143533855,483.59170723051625,522.7502215839017,True,True,0.0,,True,caf3025499c6d333191994a53db0edcb82f44134b617148eca5063ee597f2af0,0
acwm-autoloop-screen-reacher-next_forcing-s2838-t512-r1,reacher,next_forcing,2838,512,ready,INCONCLUSIVE,promote_to_confirmation,ladder_auc_psnr_envmax,41.600672265898766,483.59170723051625,525.192379496415,True,True,0.0,,True,dab5e304d1b4210bf9c04c24957187dccbdc8fa7f1138fcefb3de2ae14f95c01,0
acwm-autoloop-screen-reacher-next_forcing-s2843-t512-r1,reacher,next_forcing,2843,512,ready,INCONCLUSIVE,promote_to_confirmation,ladder_auc_psnr_envmax,53.08148593186979,483.59170723051625,536.673193162386,True,True,0.0,,True,4e14f54c753df31555d537884df87dd6f6726199bf1bdd0fcee66337db212ad8,0
acwm-autoloop-screen-reacher-self_forcing_finetune-s1800-t512-r1,reacher,self_forcing_finetune,1800,512,ready,INCONCLUSIVE,promote_to_confirmation,ladder_auc_psnr_envmax,48.12770246452624,483.59170723051625,531.7194096950425,True,True,0.0,,True,9ba2b848127d4e74523b8675dd2958248cbb5a71eb9149d5992389dae820397f,0
acwm-autoloop-screen-reacher-self_forcing_finetune-s1812-t512-r1,reacher,self_forcing_finetune,1812,512,ready,INCONCLUSIVE,promote_to_confirmation,ladder_auc_psnr_envmax,48.23941533240156,483.59170723051625,531.8311225629178,True,True,0.0,,True,4145cdd5d2a6a8942b0df09a61eba4b07fc9e7b1c1ef2081250755e7e587e01d,0
acwm-autoloop-screen-reacher-self_forcing_finetune-s1815-t512-r1,reacher,self_forcing_finetune,1815,512,ready,INCONCLUSIVE,promote_to_confirmation,ladder_auc_psnr_envmax,47.73448669175036,483.59170723051625,531.3261939222666,True,True,0.0,,True,6cc42d583357c7f46250771ba6e9c49449363bfb64883055ed07b853cc35a1ba,0
acwm-autoloop-screen-reacher-self_forcing_finetune-s2840-t512-r1,reacher,self_forcing_finetune,2840,512,ready,INCONCLUSIVE,promote_to_confirmation,ladder_auc_psnr_envmax,47.24008580378563,483.59170723051625,530.8317930343019,True,True,0.0,,True,7783886e647057c7717435eb83442f15713ca80cc7f0e1eb4cf6231ee0ed2e5b,0
acwm-autoloop-screen-reacher-self_forcing_finetune-s2842-t512-r1,reacher,self_forcing_finetune,2842,512,ready,INCONCLUSIVE,promote_to_confirmation,ladder_auc_psnr_envmax,48.692494756786346,483.59170723051625,532.2842019873026,True,True,0.0,,True,b20c797cfc57c4dc741a1c17dfb79879b43d59618ce9a2129f661480a9a3cadf,0
acwm-autoloop-screen-robot_arm-action_contrastive_finetune-s2821-t512-r1,robot_arm,action_contrastive_finetune,2821,512,ready,INCONCLUSIVE,promote_to_confirmation,ladder_auc_psnr_envmax,47.56084151723701,978.4474031784647,1026.0082446957017,True,True,0.6595744680851063,,True,faa06d3de9c7ad61f1d0ba5db25f1230377116959681524bc390d83ad99d8eb8,0
acwm-autoloop-screen-robot_arm-action_contrastive_finetune-s2823-t512-r1,robot_arm,action_contrastive_finetune,2823,512,ready,INCONCLUSIVE,reject_or_revise,ladder_auc_psnr_envmax,-203.12426525565002,978.4474031784647,775.3231379228147,True,True,0.5957446808510638,,True,5244fd862e2502d7682dabb82aa939a6eada0f2157e2c1a15eacf61e2e490873,0
acwm-autoloop-screen-robot_arm-action_contrastive_finetune-s2825-t512-r1,robot_arm,action_contrastive_finetune,2825,512,ready,INCONCLUSIVE,reject_or_revise,ladder_auc_psnr_envmax,-82.2692788521432,978.4474031784647,896.1781243263215,True,True,0.46808510638297873,,True,0dfbee2d99aa8159eb7be02d87c2e3b3256a94eb60cb73bab5055ebb1dea28a2,0
acwm-autoloop-screen-robot_arm-action_contrastive_finetune-s2826-t512-r1,robot_arm,action_contrastive_finetune,2826,512,ready,INCONCLUSIVE,reject_or_revise,ladder_auc_psnr_envmax,-31.221067781831948,978.4474031784647,947.2263353966327,True,True,0.5531914893617021,,True,5414bf48e2c54f160acd12a62b427b6be1cab4353222137f9c7ca952f7292f9d,0
acwm-autoloop-screen-robot_arm-cfg_guidance_schedule-s910-t512-r1,robot_arm,cfg_guidance_schedule,910,512,ready,INCONCLUSIVE,promote_to_confirmation,ladder_auc_psnr_envmax,105.87382191902782,978.4474031784647,1084.3212250974925,True,True,0.6170212765957447,,True,d5812af006e6de6ae570744a5482c19f4554fb73b53e06b95440cde7eb18a9a8,70
acwm-autoloop-screen-robot_arm-inv_dyn_reward_finetune-s2824-t512-r1,robot_arm,inv_dyn_reward_finetune,2824,512,ready,INCONCLUSIVE,reject_or_revise,ladder_auc_psnr_envmax,-148.24939069963943,978.4474031784647,830.1980124788253,True,True,0.6808510638297872,,True,a34a29fa22865ebc72f51e9b9af64215b81bafdb078a1df34e4cc6f73aba0da5,0
acwm-autoloop-screen-robot_arm-inv_dyn_reward_finetune-s841-t512-r1,robot_arm,inv_dyn_reward_finetune,841,512,ready,INCONCLUSIVE,reject_or_revise,ladder_auc_psnr_envmax,-21.422401321859752,978.4474031784647,957.025001856605,True,True,0.5106382978723404,,True,cd542aaf9115b588982b2ca58788e98a507c760a6f60e5ffe0fba956447d1802,0
acwm-autoloop-screen-robot_arm-latent_motion_prior-s1702-t512-r1,robot_arm,latent_motion_prior,1702,512,ready,INCONCLUSIVE,promote_to_confirmation,ladder_auc_psnr_envmax,102.83345255247252,978.4474031784647,1081.2808557309372,True,True,0.574468085106383,,True,fcbaf77a03e22ae578878b0dd70e2dde4a77e261e468e0982b21c30f84a7c06d,44
acwm-autoloop-screen-robot_arm-motion_region_reweight-s2822-t512-r1,robot_arm,motion_region_reweight,2822,512,ready,INCONCLUSIVE,reject_or_revise,ladder_auc_psnr_envmax,-47.02311591169348,978.4474031784647,931.4242872667712,True,True,0.574468085106383,,True,8fcfb3745d9a67e09589034dd404e72227cab6fb0946f2a34e494d1a8382608d,0
acwm-autoloop-screen-robot_arm-motion_region_reweight-s2832-t512-r1,robot_arm,motion_region_reweight,2832,512,ready,INCONCLUSIVE,promote_to_confirmation,ladder_auc_psnr_envmax,1.347622102557807,978.4474031784647,979.7950252810225,True,True,0.5531914893617021,,True,d44ae79f52dfdd93e2ef1b6450963ae81c167c406dd9acec471f797a1478280d,0
acwm-autoloop-screen-robot_arm-next_forcing-s2824-t512-r1,robot_arm,next_forcing,2824,512,ready,INCONCLUSIVE,promote_to_confirmation,ladder_auc_psnr_envmax,27.832972779040233,978.4474031784647,1006.2803759575049,True,True,0.5319148936170213,,True,0b0109c7a4a5603f51cc16e7562924aa3563494f87a79d481c0de2bd50837d67,0
acwm-autoloop-screen-robot_arm-next_forcing-s2825-t512-r1,robot_arm,next_forcing,2825,512,ready,INCONCLUSIVE,promote_to_confirmation,ladder_auc_psnr_envmax,34.48363692318378,978.4474031784647,1012.9310401016485,True,True,0.5319148936170213,,True,4ecc73b35f4882d97446d8df6518c9d13366a393c1fcbce34e78b1c331e4f541,0
acwm-autoloop-screen-robot_arm-next_forcing-s2826-t512-r1,robot_arm,next_forcing,2826,512,ready,INCONCLUSIVE,promote_to_confirmation,ladder_auc_psnr_envmax,30.792683727976055,978.4474031784647,1009.2400869064408,True,True,0.6595744680851063,,True,d0221b16dfd819b5f018dda68d16d4281a7769c01343d12df5da860cd1127c65,0
acwm-autoloop-screen-robot_arm-self_forcing_finetune-s2828-t512-r1,robot_arm,self_forcing_finetune,2828,512,ready,INCONCLUSIVE,reject_or_revise,ladder_auc_psnr_envmax,-54.35724024818035,978.4474031784647,924.0901629302844,True,True,0.46808510638297873,,True,4f47375fec29bc295e6c59d594e1d2c21cf3b41b0bb722a9bda4cce8969d1642,0
acwm-autoloop-screen-robot_arm-self_forcing_finetune-s2830-t512-r1,robot_arm,self_forcing_finetune,2830,512,ready,INCONCLUSIVE,promote_to_confirmation,ladder_auc_psnr_envmax,45.906241252869336,978.4474031784647,1024.353644431334,True,True,0.6170212765957447,,True,f49677ea6f8e9e648a43853a1cf9c1e8ce7f60bca50682dc199c1b9c7f54af68,0
acwm-autoloop-screen-stack_cube-action_contrastive_finetune-s2004-t512-r1,stack_cube,action_contrastive_finetune,2004,512,ready,INCONCLUSIVE,reject_or_revise,ladder_auc_psnr_envmax,-598.2879467370301,672.2356117755455,73.94766503851545,True,True,0.0,,True,e53ab21285890bd659a878ef72f584b66962dee16cf0484fcec798e97f996e18,0
acwm-autoloop-screen-stack_cube-action_contrastive_finetune-s2014-t512-r1,stack_cube,action_contrastive_finetune,2014,512,ready,INCONCLUSIVE,reject_or_revise,ladder_auc_psnr_envmax,-598.4045857496717,672.2356117755455,73.83102602587383,True,True,0.0,,True,363eb0e220f8247a0fcd74c5b528b1e2777d4b54d03f94edaac4d240bc0969c8,0
acwm-autoloop-screen-stack_cube-cfg_guidance_schedule-s912-t512-r1,stack_cube,cfg_guidance_schedule,912,512,ready,INCONCLUSIVE,reject_or_revise,ladder_auc_psnr_envmax,-598.057724694133,672.2356117755455,74.17788708141256,True,True,0.0,,True,4e512b04b01689a9bba30f0e20c8912647426748ea45d0a1135dc17e3d8e446f,0
acwm-autoloop-screen-stack_cube-cfg_guidance_schedule-s995-t512-r1,stack_cube,cfg_guidance_schedule,995,512,ready,INCONCLUSIVE,reject_or_revise,ladder_auc_psnr_envmax,-598.4052752044141,672.2356117755455,73.83033657113138,True,True,0.0,,True,86ed706b0b22593221de1ae5220571be551db683452af06ea370b0bba3b22bd0,0
acwm-autoloop-screen-stack_cube-dino_rep_injection-s2053-t512-r1,stack_cube,dino_rep_injection,2053,512,ready,INCONCLUSIVE,reject_or_revise,ladder_auc_psnr_envmax,-598.1610051085888,672.2356117755455,74.07460666695675,True,True,0.0,,True,18c5ac261bd974cefe03c409c75b8de77d76dfb3b5682ad44f777f78d9400ccd,0
acwm-autoloop-screen-stack_cube-inv_dyn_reward_finetune-s861-t512-r1,stack_cube,inv_dyn_reward_finetune,861,512,ready,INCONCLUSIVE,reject_or_revise,ladder_auc_psnr_envmax,-598.3448193789735,672.2356117755455,73.89079239657198,True,True,0.0,,True,9a96233e6ab46f02911f9cb4e5aa4adf31d7e2f261acb37c70d29b99baa2815a,0
acwm-autoloop-screen-stack_cube-inv_dyn_reward_finetune-s981-t512-r1,stack_cube,inv_dyn_reward_finetune,981,512,ready,INCONCLUSIVE,reject_or_revise,ladder_auc_psnr_envmax,-598.3071336704141,672.2356117755455,73.9284781051314,True,True,0.0,,True,f0bd6eba44174f21e7f185a41d2f7b5000fb17a9b4cfc01c6a3f23948788f442,0
acwm-autoloop-screen-stack_cube-inv_dyn_reward_finetune-s984-t512-r1,stack_cube,inv_dyn_reward_finetune,984,512,ready,INCONCLUSIVE,reject_or_revise,ladder_auc_psnr_envmax,-598.3139936744656,672.2356117755455,73.92161810107997,True,True,0.0,,True,2d8e051b0139b36816b38c8fc1a27a67556fd3acbb35fddaab3ff66bcdc53d12,0
acwm-autoloop-screen-stack_cube-latent_motion_prior-s986-t512-r1,stack_cube,latent_motion_prior,986,512,ready,INCONCLUSIVE,reject_or_revise,ladder_auc_psnr_envmax,-598.1999803370173,672.2356117755455,74.03563143852818,True,True,0.0,,True,e13d11c3cb411283b98c16984734b1f035f17c4ea937b54e6c4655c931d90b28,0
acwm-autoloop-screen-stack_cube-latent_motion_prior-s989-t512-r1,stack_cube,latent_motion_prior,989,512,ready,INCONCLUSIVE,reject_or_revise,ladder_auc_psnr_envmax,-598.2716118171099,672.2356117755455,73.96399995843555,True,True,0.0,,True,3051447d7351d89d976d0a2e7b6eb38992134b8a36937aad3d4f56fb3b9d1f69,0
acwm-autoloop-screen-stack_cube-latent_spatial_memory-s871-t512-r1,stack_cube,latent_spatial_memory,871,512,ready,INCONCLUSIVE,reject_or_revise,ladder_auc_psnr_envmax,-598.4266740431135,672.2356117755455,73.80893773243201,True,True,0.0,,True,aa1158833609fb0351fa6a9a7afd90801cd73cc24cfa78a563b0b30f9c588cef,0
acwm-autoloop-screen-stack_cube-latent_spatial_memory-s974-t512-r1,stack_cube,latent_spatial_memory,974,512,ready,INCONCLUSIVE,reject_or_revise,ladder_auc_psnr_envmax,-598.2380863767663,672.2356117755455,73.99752539877919,True,True,0.0,,True,389158edd1e0472b5dbbd4d729ed2c66312880693953980174e4936b14b941d5,0
acwm-autoloop-screen-stack_cube-latent_spatial_memory-s978-t512-r1,stack_cube,latent_spatial_memory,978,512,ready,INCONCLUSIVE,reject_or_revise,ladder_auc_psnr_envmax,-598.2341496459871,672.2356117755455,74.00146212955838,True,True,0.0,,True,f20783c8220ade926c55c32df1b445e2fef4b14951393a30e3ed73dda1040fb6,0
acwm-autoloop-screen-stack_cube-mixture_reweight-s801-t512-r1,stack_cube,mixture_reweight,801,512,ready,INCONCLUSIVE,reject_or_revise,ladder_auc_psnr_envmax,-598.2810253414189,672.2356117755455,73.95458643412671,True,True,0.0,,True,9f670cf7e22ff061e9420b81033f45373020c249fff02939fa83ee6a5b84daaa,0
acwm-autoloop-screen-stack_cube-mixture_reweight-s960-t512-r1,stack_cube,mixture_reweight,960,512,ready,INCONCLUSIVE,reject_or_revise,ladder_auc_psnr_envmax,-598.0561306340022,672.2356117755455,74.17948114154328,True,True,0.0,,True,22c852f363d90e851c3929a3d22cfe450725462bbb1d34b1e7ef8d6519df8d4c,0
acwm-autoloop-screen-stack_cube-mixture_reweight-s968-t512-r1,stack_cube,mixture_reweight,968,512,ready,INCONCLUSIVE,reject_or_revise,ladder_auc_psnr_envmax,-598.217835384935,672.2356117755455,74.01777639061046,True,True,0.0,,True,09ee7e0512d52b300d696b77d73aa382c0e679a69e9a932d6d37bd46e5bf7141,0
acwm-autoloop-screen-stack_cube-motion_region_reweight-s2082-t512-r1,stack_cube,motion_region_reweight,2082,512,ready,INCONCLUSIVE,reject_or_revise,ladder_auc_psnr_envmax,-598.1563559231888,672.2356117755455,74.07925585235667,True,True,0.0,,True,264a8a5b7f3e4ade5960b2e36014a63dc4fdb23f057354cc5b7a9a46004e6b5d,0
acwm-autoloop-screen-stack_cube-motion_region_reweight-s2085-t512-r1,stack_cube,motion_region_reweight,2085,512,ready,INCONCLUSIVE,reject_or_revise,ladder_auc_psnr_envmax,-598.385369230028,672.2356117755455,73.85024254551752,True,True,0.0,,True,64b03f68bcb1afb4318c1389511ae9b0be7bd42ff925f7db383c02db0defdb61,0
acwm-autoloop-screen-stack_cube-motion_region_reweight-s2088-t512-r1,stack_cube,motion_region_reweight,2088,512,ready,INCONCLUSIVE,reject_or_revise,ladder_auc_psnr_envmax,-598.4135628734466,672.2356117755455,73.82204890209894,True,True,0.0,,True,e726df642366581d1942410ce0c1ebeeb0083041ad90d1bb02a55c186e6f7088,0
acwm-autoloop-screen-stack_cube-self_forcing_finetune-s1801-t512-r1,stack_cube,self_forcing_finetune,1801,512,ready,INCONCLUSIVE,reject_or_revise,ladder_auc_psnr_envmax,-597.9168918878892,672.2356117755455,74.31871988765636,True,True,0.0,,True,0b6126604a2784207edb517e4debaa46bb86b5a83d2ff3cf4a4886bd619a3d0e,0
acwm-autoloop-screen-stack_cube-self_forcing_finetune-s1810-t512-r1,stack_cube,self_forcing_finetune,1810,512,ready,INCONCLUSIVE,reject_or_revise,ladder_auc_psnr_envmax,-597.7726538968957,672.2356117755455,74.46295787864983,True,True,0.0,,True,1718c72a3ec4d1e04422e5aec57f99ebffa192066b4d14b8b4f4f4fbf6ff3d32,0
acwm-autoloop-screen-stack_cube-self_forcing_finetune-s1813-t512-r1,stack_cube,self_forcing_finetune,1813,512,ready,INCONCLUSIVE,reject_or_revise,ladder_auc_psnr_envmax,-597.9071714425556,672.2356117755455,74.32844033298991,True,True,0.0,,True,72fae39e25b6b98b4ca876c9b73709c80c170f227fc6c618ea0d7eff9b857101,0
acwm-autoloop-screen-stack_cube-wmsd_self_distill-s2057-t512-r1,stack_cube,wmsd_self_distill,2057,512,ready,INCONCLUSIVE,reject_or_revise,ladder_auc_psnr_envmax,-598.1982645315462,672.2356117755455,74.03734724399935,True,True,0.0,,True,198306cfea064a4f2cd18af817d1329b001e83254d0dda29caa6ad045558430f,0
acwm-autoloop-screen-stack_cube-wmsd_self_distill-s2079-t512-r1,stack_cube,wmsd_self_distill,2079,512,ready,INCONCLUSIVE,reject_or_revise,ladder_auc_psnr_envmax,-598.2004940560128,672.2356117755455,74.03511771953278,True,True,0.0,,True,bb9789bfd3a9330df14e25a159f667ab375c82fb27f2e5c8f824f8d23c5f48b4,0
acwm-gap-formal_confirmation-robot_arm-latent_motion_prior-s501-r1,robot_arm,latent_motion_prior,501,16,ready,INCONCLUSIVE,below_min_screen_budget,ladder_auc_psnr_envmax,63.414673835599956,978.4474031784647,1041.8620770140647,True,True,0.574468085106383,,,,0
acwm-gap-formal_confirmation-robot_arm-latent_motion_prior-s502-r1,robot_arm,latent_motion_prior,502,16,ready,INCONCLUSIVE,below_min_screen_budget,ladder_auc_psnr_envmax,36.092721705259464,978.4474031784647,1014.5401248837242,True,True,0.6170212765957447,,,,0
acwm-gap-formal_confirmation-robot_arm-latent_motion_prior-s503-r1,robot_arm,latent_motion_prior,503,16,ready,INCONCLUSIVE,below_min_screen_budget,ladder_auc_psnr_envmax,31.388529454279364,978.4474031784647,1009.8359326327441,True,True,0.6170212765957447,,,,0
acwm-gap-staging_canary-cloth_move-latent_motion_prior-s701-t512-r1,cloth_move,latent_motion_prior,701,512,ready,INCONCLUSIVE,promote_to_confirmation,ladder_auc_psnr_envmax,9.510307465725532,675.7220985573352,685.2324060230608,True,True,1.0,,True,6add7c002ff5551bd6894aa1bfda85b4cdcc33f01173badb7cb8c6d58bef9cd3,0
acwm-gap-staging_canary-pour_water-drift_token_trim-s501-r1,pour_water,drift_token_trim,501,16,ready,INCONCLUSIVE,below_min_screen_budget,ladder_auc_psnr_envmax,-59.762430074469194,1408.4182495750538,1348.6558195005846,True,True,1.0,,,,0
acwm-gap-staging_canary-pour_water-drift_token_trim-s502-r1,pour_water,drift_token_trim,502,16,ready,INCONCLUSIVE,below_min_screen_budget,ladder_auc_psnr_envmax,-69.81348028572984,1408.4182495750538,1338.604769289324,True,True,1.0,,,,0
acwm-gap-staging_canary-pour_water-drift_token_trim-s503-r1,pour_water,drift_token_trim,503,16,ready,INCONCLUSIVE,below_min_screen_budget,ladder_auc_psnr_envmax,-129.28020446840264,1408.4182495750538,1279.1380451066511,True,True,1.0,,,,0
acwm-gap-staging_canary-pour_water-drift_token_trim-s701-t512-r1,pour_water,drift_token_trim,701,512,ready,INCONCLUSIVE,reject_or_revise,ladder_auc_psnr_envmax,-63.75174227424509,1408.4182495750538,1344.6665073008087,True,True,1.0,,True,08f9ef1640e99c5a17bbe7861a7188293c6c1e5df9ca73997254556a0194bd19,0
acwm-screen-v2-push_cube-mixture_reweight-s711-t512-r1,push_cube,mixture_reweight,711,512,ready,INCONCLUSIVE,reject_or_revise,ladder_auc_psnr_envmax,-39.20156783966422,1371.2828078802563,1332.081240040592,True,True,0.0,,True,b21ed3f3f48f2fb593998ec04b7f726e0f579b4ba3958932d3ec007a6e5663f1,0
acwm-screen-v2-reacher-next_forcing-s711-t4000-r1,reacher,next_forcing,711,4000,ready,INCONCLUSIVE,confirmation_candidate,ladder_auc_psnr_envmax,27.910263523728815,484.6885766011571,512.5988401248859,True,True,0.0,,True,48024d28a0443ba84d0a453e6c7ae3a2162c05b4b1059c3130745696030f3672,13
acwm-screen-v2-reacher-next_forcing-s711-t512-r1,reacher,next_forcing,711,512,ready,INCONCLUSIVE,promote_to_confirmation,ladder_auc_psnr_envmax,22.672889633933153,484.6885766011571,507.36146623509023,True,True,0.0,,True,e1bbb14cbad8773575455d95ccdda255fd305d4207f81b014f08d955e9054e78,13
