environment,probe,d_psnr_d_dose,d_ssim_d_dose,d_negative_mse_d_dose,d_negative_masked_mse_d_dose,response_l2,locality_residual,locality_threshold,locality_pass,repeat_count,chart_id,source_chart
push_cube,action_conditioning_amplification,-18.645887599433923,-0.04444678624471029,-0.007129805938651164,-0.025519533082842827,18.645959400584157,0.15480135855748772,0.5,True,3,acwm_phys_irg_calibration_pilot_v1:push_cube:one_sided,results/reports/acwm-irg-fingerprint-atlas-pilot-r2-one-sided/charts/push_cube.json
push_cube,action_conditioning_attenuation,11.125543074192782,0.025666554768880207,0.0025369254096100726,-0.004206338586906592,11.125573764845907,1.2226732472215713,0.5,False,3,acwm_phys_irg_calibration_pilot_v1:push_cube:one_sided,results/reports/acwm-irg-fingerprint-atlas-pilot-r2-one-sided/charts/push_cube.json
push_cube,self_rollout_temporal_mix,1.7919942326986178,0.004105170567830403,0.0005293978999058405,0.0010306232919295628,1.791999309401933,0.0953988835067107,0.5,True,3,acwm_phys_self_rollout_temporal_mix_probe_pilot_v1:push_cube,results/reports/acwm-self-rollout-temporal-mix-atlas-pilot-r1/charts/push_cube.json
push_cube,motion_region_scale,0.2969787485100876,0.00039776166280110675,9.296927601099014e-05,0.0003767029071847598,0.2969792683493661,0.042426093185746805,0.5,True,3,acwm_phys_motion_region_probe_pilot_v1:push_cube,results/reports/acwm-motion-region-atlas-pilot-r1/charts/push_cube.json
push_cube,action_embedding_temporal_mix,19.318190107700676,0.06464282671610515,0.006493809632956982,0.01565304584801197,19.318305694851137,0.3595967392824154,0.5,True,3,acwm_phys_action_temporal_mix_probe_pilot_v1:push_cube,results/reports/acwm-action-temporal-mix-atlas-pilot-r1/charts/push_cube.json
push_cube,motion_region_event_alignment,-0.39673114450278507,-0.0005378325780232748,-0.00011214870028197765,-0.0002494547516107559,0.39673160333829693,0.13380632431559533,0.5,True,3,acwm_phys_motion_region_event_alignment_probe_pilot_v1:push_cube,results/reports/acwm-motion-region-event-alignment-atlas-pilot-r1/charts/push_cube.json
push_cube,action_temporal_alignment,0.2074306688124731,0.0026035308837890625,7.746585955222447e-05,0.0008260055134693781,0.207448665995037,0.18290238924894803,0.5,True,3,acwm_phys_action_temporal_alignment_probe_pilot_v1:push_cube,results/reports/acwm-action-temporal-alignment-atlas-pilot-r1/charts/push_cube.json
stack_cube,action_conditioning_amplification,1.13697879439376,0.014661550521850586,0.0021710246801376343,0.007290691137313843,1.1370987676935604,0.037824144998899405,0.5,True,3,acwm_phys_irg_calibration_pilot_v1:stack_cube:one_sided,results/reports/acwm-irg-fingerprint-atlas-pilot-r2-one-sided/charts/stack_cube.json
stack_cube,action_conditioning_attenuation,-1.1856209330143248,-0.015217463175455729,-0.0022856642802556357,-0.007395918170611064,1.1857438559208489,0.02060926869595195,0.5,True,3,acwm_phys_irg_calibration_pilot_v1:stack_cube:one_sided,results/reports/acwm-irg-fingerprint-atlas-pilot-r2-one-sided/charts/stack_cube.json
stack_cube,self_rollout_temporal_mix,-0.7964245940437564,-0.022971828778584797,-0.002132731800278028,-0.00634392723441124,0.796783931108605,0.38969824922086194,0.5,True,3,acwm_phys_self_rollout_temporal_mix_probe_pilot_v1:stack_cube,results/reports/acwm-self-rollout-temporal-mix-atlas-pilot-r1/charts/stack_cube.json
stack_cube,motion_region_scale,0.027272922419072643,0.0029389063517252603,0.00012476307650407156,0.0006627167264620463,0.02743910033338844,0.9056146290199265,0.5,False,3,acwm_phys_motion_region_probe_pilot_v1:stack_cube,results/reports/acwm-motion-region-atlas-pilot-r1/charts/stack_cube.json
stack_cube,action_embedding_temporal_mix,-2.320159275695133,-0.03181378046671549,-0.004441241423288981,-0.013200528919696808,2.3204191776079788,0.010759262219738655,0.5,True,3,acwm_phys_action_temporal_mix_probe_pilot_v1:stack_cube,results/reports/acwm-action-temporal-mix-atlas-pilot-r1/charts/stack_cube.json
stack_cube,motion_region_event_alignment,0.058432208351568704,0.0030829509099324546,0.00018241815268993378,0.000618534783522288,0.05851703530438847,0.11555890578436766,0.5,True,3,acwm_phys_motion_region_event_alignment_probe_pilot_v1:stack_cube,results/reports/acwm-motion-region-event-alignment-atlas-pilot-r1/charts/stack_cube.json
stack_cube,action_temporal_alignment,-0.24084039770739216,-0.004501740137736003,-0.0005200070639451345,-0.0005758305390675863,0.24088371638672218,0.06371202343380958,0.5,True,3,acwm_phys_action_temporal_alignment_probe_pilot_v1:stack_cube,results/reports/acwm-action-temporal-alignment-atlas-pilot-r1/charts/stack_cube.json
push_rope,action_conditioning_amplification,-14.332278530972596,-0.0030640761057535806,-0.0006138387834653258,-0.004275775669763486,14.33227950944985,0.840843497028979,0.5,False,3,acwm_phys_irg_calibration_pilot_v1:push_rope:one_sided,results/reports/acwm-irg-fingerprint-atlas-pilot-r2-one-sided/charts/push_rope.json
push_rope,action_conditioning_attenuation,-35.03861745368321,-0.028597513834635418,-0.0016881162688756983,-0.023773273763557274,35.03863722951612,0.04316655991897131,0.5,True,3,acwm_phys_irg_calibration_pilot_v1:push_rope:one_sided,results/reports/acwm-irg-fingerprint-atlas-pilot-r2-one-sided/charts/push_rope.json
push_rope,self_rollout_temporal_mix,0.8451676085562099,0.002216895421346029,3.4518646619593106e-05,0.00030878232792019844,0.8451705731483999,0.5278734464446133,0.5,False,3,acwm_phys_self_rollout_temporal_mix_probe_pilot_v1:push_rope,results/reports/acwm-self-rollout-temporal-mix-atlas-pilot-r1/charts/push_rope.json
push_rope,motion_region_scale,-0.5535859887605928,-0.0008491675059000651,-2.234873439495762e-05,-0.00025371904484927654,0.5535866986392609,0.10249715367014074,0.5,True,3,acwm_phys_motion_region_probe_pilot_v1:push_rope,results/reports/acwm-motion-region-atlas-pilot-r1/charts/push_rope.json
push_rope,action_embedding_temporal_mix,-18.975843635845234,-0.012809832890828451,-0.0008399382932111621,-0.013102899926404158,18.97585250193913,2.128527110227491,0.5,False,3,acwm_phys_action_temporal_mix_probe_pilot_v1:push_rope,results/reports/acwm-action-temporal-mix-atlas-pilot-r1/charts/push_rope.json
push_rope,motion_region_event_alignment,-0.5941181860732788,-0.000866850217183431,-2.4033991697554786e-05,-0.0002864860774328311,0.5941188880217557,0.12111546997066819,0.5,True,3,acwm_phys_motion_region_event_alignment_probe_pilot_v1:push_rope,results/reports/acwm-motion-region-event-alignment-atlas-pilot-r1/charts/push_rope.json
push_rope,action_temporal_alignment,11.052327639268356,0.005596081415812175,0.00047239426445836824,0.007335139283289512,11.05233150015358,1.131072502552302,0.5,False,3,acwm_phys_action_temporal_alignment_probe_pilot_v1:push_rope,results/reports/acwm-action-temporal-alignment-atlas-pilot-r1/charts/push_rope.json
cloth_move,action_conditioning_amplification,-4.443114917159363,-0.027782519658406574,-0.011126225193341574,-0.05438854297002157,4.44354857540413,0.014100517407714792,0.5,True,3,acwm_phys_irg_calibration_pilot_v1:cloth_move:one_sided,results/reports/acwm-irg-fingerprint-atlas-pilot-r2-one-sided/charts/cloth_move.json
cloth_move,action_conditioning_attenuation,4.281166065901847,0.010602871576944986,0.010181783388058344,0.0582064688205719,4.281586968221094,0.04208610739674431,0.5,True,3,acwm_phys_irg_calibration_pilot_v1:cloth_move:one_sided,results/reports/acwm-irg-fingerprint-atlas-pilot-r2-one-sided/charts/cloth_move.json
cloth_move,self_rollout_temporal_mix,0.8726740204671776,0.002991755803426107,0.002900840093692144,-0.003568952282269796,0.8726912678002328,0.25931385825163505,0.5,True,3,acwm_phys_self_rollout_temporal_mix_probe_pilot_v1:cloth_move,results/reports/acwm-self-rollout-temporal-mix-atlas-pilot-r1/charts/cloth_move.json
cloth_move,motion_region_scale,-0.6115668288434151,-0.004922747611999512,-0.0020420923829078674,-0.0038570165634155273,0.611602212474508,0.19961319700741664,0.5,True,3,acwm_phys_motion_region_probe_pilot_v1:cloth_move,results/reports/acwm-motion-region-atlas-pilot-r1/charts/cloth_move.json
cloth_move,action_embedding_temporal_mix,0.4730763138166812,0.007899999618530273,0.0011316314339637756,0.006301850080490112,0.4731855900093441,0.019615626836198705,0.5,True,3,acwm_phys_action_temporal_mix_probe_pilot_v1:cloth_move,results/reports/acwm-action-temporal-mix-atlas-pilot-r1/charts/cloth_move.json
cloth_move,motion_region_event_alignment,-0.3378764982167463,-0.0015695889790852864,-0.0011113813767830532,0.0024533520142237344,0.3378908784821582,0.07446570838695968,0.5,True,3,acwm_phys_motion_region_event_alignment_probe_pilot_v1:cloth_move,results/reports/acwm-motion-region-event-alignment-atlas-pilot-r1/charts/cloth_move.json
cloth_move,action_temporal_alignment,-0.36779264303765064,-0.004348357518513997,-0.001221367468436559,-0.006352066993713379,0.3678752193058335,0.018250858422219813,0.5,True,3,acwm_phys_action_temporal_alignment_probe_pilot_v1:cloth_move,results/reports/acwm-action-temporal-alignment-atlas-pilot-r1/charts/cloth_move.json
push_sand,action_conditioning_amplification,-27.039182810685983,-0.03865877787272135,-0.003214772635449966,-0.028160169410208862,27.039225301415485,0.0775595110045114,0.5,True,3,acwm_phys_irg_calibration_pilot_v1:push_sand:one_sided,results/reports/acwm-irg-fingerprint-atlas-pilot-r2-one-sided/charts/push_sand.json
push_sand,action_conditioning_attenuation,-10.259698166771472,-0.018000205357869465,-0.0011018789761389296,-0.01242081169039011,10.259721534785784,1.0762093023485935,0.5,False,3,acwm_phys_irg_calibration_pilot_v1:push_sand:one_sided,results/reports/acwm-irg-fingerprint-atlas-pilot-r2-one-sided/charts/push_sand.json
push_sand,self_rollout_temporal_mix,3.214872609121926,0.006647706031799316,0.0003792576414222519,0.0034607124204436937,3.214881367211661,0.25592072073070116,0.5,True,3,acwm_phys_self_rollout_temporal_mix_probe_pilot_v1:push_sand,results/reports/acwm-self-rollout-temporal-mix-atlas-pilot-r1/charts/push_sand.json
push_sand,motion_region_scale,-1.5420590395310778,-0.0027579069137573242,-0.0001766716983790199,-0.001708371564745903,1.5420624621578556,0.047799558383604994,0.5,True,3,acwm_phys_motion_region_probe_pilot_v1:push_sand,results/reports/acwm-motion-region-atlas-pilot-r1/charts/push_sand.json
push_sand,action_embedding_temporal_mix,4.923955215453191,0.004096825917561849,0.00040999128638456267,0.000832614799340566,4.923957007236307,3.942298641521022,0.5,False,3,acwm_phys_action_temporal_mix_probe_pilot_v1:push_sand,results/reports/acwm-action-temporal-mix-atlas-pilot-r1/charts/push_sand.json
push_sand,motion_region_event_alignment,-1.6550660802638124,-0.0031665960947672525,-0.0001924956450238824,-0.0018077654143174489,1.6550701080138612,0.030857839222159605,0.5,True,3,acwm_phys_motion_region_event_alignment_probe_pilot_v1:push_sand,results/reports/acwm-motion-region-event-alignment-atlas-pilot-r1/charts/push_sand.json
push_sand,action_temporal_alignment,-9.952346128039599,-0.020607709884643555,-0.0012108184940492113,-0.011038264880577723,9.952373658549226,1.2942567939650496,0.5,False,3,acwm_phys_action_temporal_alignment_probe_pilot_v1:push_sand,results/reports/acwm-action-temporal-alignment-atlas-pilot-r1/charts/push_sand.json
pour_water,action_conditioning_amplification,9.368436286443588,0.025548537572224934,0.0014310574624687433,0.013428349047899246,9.36848085600908,1.3844060346092004,0.5,False,3,acwm_phys_irg_calibration_pilot_v1:pour_water:one_sided,results/reports/acwm-irg-fingerprint-atlas-pilot-r2-one-sided/charts/pour_water.json
pour_water,action_conditioning_attenuation,-29.33938932993205,-0.0793766975402832,-0.006022356683388352,-0.05330288472274939,29.339545742559526,0.01360407107594664,0.5,True,3,acwm_phys_irg_calibration_pilot_v1:pour_water:one_sided,results/reports/acwm-irg-fingerprint-atlas-pilot-r2-one-sided/charts/pour_water.json
pour_water,self_rollout_temporal_mix,-12.476432334679757,-0.027158657709757488,-0.002513722089740137,-0.025504335450629394,12.476488215217321,1.4613123386531077,0.5,False,3,acwm_phys_self_rollout_temporal_mix_probe_pilot_v1:pour_water,results/reports/acwm-self-rollout-temporal-mix-atlas-pilot-r1/charts/pour_water.json
pour_water,motion_region_scale,-1.600619912993236,-0.007975300153096518,-0.00028308655600994825,-0.0018737961848576863,1.600640903679881,0.2919442844029916,0.5,True,3,acwm_phys_motion_region_probe_pilot_v1:pour_water,results/reports/acwm-motion-region-atlas-pilot-r1/charts/pour_water.json
pour_water,action_embedding_temporal_mix,6.083383020361595,0.015118916829427084,0.0010354133943716686,0.008500184242924055,6.083407834370709,0.3757065506304382,0.5,True,3,acwm_phys_action_temporal_mix_probe_pilot_v1:pour_water,results/reports/acwm-action-temporal-mix-atlas-pilot-r1/charts/pour_water.json
pour_water,motion_region_event_alignment,0.0,0.0,0.0,0.0,0.0,0.0,0.5,True,3,acwm_phys_motion_region_event_alignment_probe_pilot_v1:pour_water,results/reports/acwm-motion-region-event-alignment-atlas-pilot-r1/charts/pour_water.json
pour_water,action_temporal_alignment,2.299361057237448,0.006242990493774414,0.0004149065352976322,0.004032092789808909,2.29937310508541,0.10882671058661043,0.5,True,3,acwm_phys_action_temporal_alignment_probe_pilot_v1:pour_water,results/reports/acwm-action-temporal-alignment-atlas-pilot-r1/charts/pour_water.json
robot_arm,action_conditioning_amplification,-4.343630168918224,-0.02310633659362793,-0.0020955316722393036,-0.013777539134025574,4.34371398217757,0.2815043731300075,0.5,True,3,acwm_phys_irg_calibration_pilot_v1:robot_arm:one_sided,results/reports/acwm-irg-fingerprint-atlas-pilot-r2-one-sided/charts/robot_arm.json
robot_arm,action_conditioning_attenuation,1.5524830504392402,0.006769895553588867,0.0007302275237937769,0.0014144244293371837,1.5524986271219816,2.6359905132822283,0.5,False,3,acwm_phys_irg_calibration_pilot_v1:robot_arm:one_sided,results/reports/acwm-irg-fingerprint-atlas-pilot-r2-one-sided/charts/robot_arm.json
robot_arm,self_rollout_temporal_mix,4.39654479835126,0.02134362856547038,0.0016847877607991297,0.014915860568483671,4.396622230280442,0.089803328643166,0.5,True,3,acwm_phys_self_rollout_temporal_mix_probe_pilot_v1:robot_arm,results/reports/acwm-self-rollout-temporal-mix-atlas-pilot-r1/charts/robot_arm.json
robot_arm,motion_region_scale,-2.694371427730099,-0.007330576578776042,-0.0010116669970254104,-0.011197905987501144,2.6944048590532805,0.08191801718851717,0.5,True,3,acwm_phys_motion_region_probe_pilot_v1:robot_arm,results/reports/acwm-motion-region-atlas-pilot-r1/charts/robot_arm.json
robot_arm,action_embedding_temporal_mix,1.1949789181022652,0.008409420649210611,0.0006058618115882078,0.0001179551084836324,1.195008666933616,0.4464230240165828,0.5,True,3,acwm_phys_action_temporal_mix_probe_pilot_v1:robot_arm,results/reports/acwm-action-temporal-mix-atlas-pilot-r1/charts/robot_arm.json
robot_arm,motion_region_event_alignment,-4.303215858437568,-0.01584788163503011,-0.0016147623925159376,-0.016535678878426552,4.303277113525743,0.057495340439925165,0.5,True,3,acwm_phys_motion_region_event_alignment_probe_pilot_v1:robot_arm,results/reports/acwm-motion-region-event-alignment-atlas-pilot-r1/charts/robot_arm.json
robot_arm,action_temporal_alignment,-0.2988440180041607,-0.0023726622263590493,-0.00013985438272356987,-0.0006440219779809316,0.2988541633413662,0.3960447813150468,0.5,True,3,acwm_phys_action_temporal_alignment_probe_pilot_v1:robot_arm,results/reports/acwm-action-temporal-alignment-atlas-pilot-r1/charts/robot_arm.json
reacher,action_conditioning_amplification,-21.245224931645197,-0.02499977747599284,-0.002063375626069804,-0.04309047323962053,21.245283439659627,0.06558519705760764,0.5,True,3,acwm_phys_irg_calibration_pilot_v1:reacher:one_sided,results/reports/acwm-irg-fingerprint-atlas-pilot-r2-one-sided/charts/reacher.json
reacher,action_conditioning_attenuation,-15.047292421624357,-0.006403525670369466,-0.0014029687736183405,-0.023484878862897556,15.04731217642777,0.4164258559139395,0.5,True,3,acwm_phys_irg_calibration_pilot_v1:reacher:one_sided,results/reports/acwm-irg-fingerprint-atlas-pilot-r2-one-sided/charts/reacher.json
reacher,self_rollout_temporal_mix,-0.02302321021035188,0.0010045369466145833,-6.8518177916606264e-06,-0.0013838894665241241,0.0230866303273156,1.696994979416651,0.5,False,3,acwm_phys_self_rollout_temporal_mix_probe_pilot_v1:reacher,results/reports/acwm-self-rollout-temporal-mix-atlas-pilot-r1/charts/reacher.json
reacher,motion_region_scale,0.03409473641409496,-0.0009926160176595051,9.998523940642675e-06,0.0012943148612976074,0.034133732415834395,0.9906739818070628,0.5,False,3,acwm_phys_motion_region_probe_pilot_v1:reacher,results/reports/acwm-motion-region-atlas-pilot-r1/charts/reacher.json
reacher,action_embedding_temporal_mix,3.305289252957664,0.004768768946329753,0.0002836956021686395,0.005511315539479256,3.305297300086161,0.7032410430461703,0.5,False,3,acwm_phys_action_temporal_mix_probe_pilot_v1:reacher,results/reports/acwm-action-temporal-mix-atlas-pilot-r1/charts/reacher.json
reacher,motion_region_event_alignment,0.026117070264829085,-0.0009824832280476887,7.690396159887314e-06,0.0011053929726282756,0.02615891024636813,0.9821928492622967,0.5,False,3,acwm_phys_motion_region_event_alignment_probe_pilot_v1:reacher,results/reports/acwm-motion-region-event-alignment-atlas-pilot-r1/charts/reacher.json
reacher,action_temporal_alignment,0.09698634269417046,0.0006453196207682291,2.7815500895182293e-05,0.0001220405101776123,0.09698857032760219,0.11665039135127077,0.5,True,3,acwm_phys_action_temporal_alignment_probe_pilot_v1:reacher,results/reports/acwm-action-temporal-alignment-atlas-pilot-r1/charts/reacher.json
